symbol,trade_date,open,high,low,close,volume,amount
000001.SZ,20240102,7.89,7.91,7.74,7.74,115836645,1075742252.0
000001.SZ,20240103,7.72,7.75,7.69,7.73,73361031,673673614.0
000001.SZ,20240104,7.72,7.72,7.63,7.65,86419399,787470082.0
000001.SZ,20240105,7.65,7.93,7.62,7.79,199162216,1852659692.0
000001.SZ,20240108,7.75,7.81,7.65,7.69,112115619,1029006549.0
000001.SZ,20240109,7.7,7.72,7.64,7.71,76619388,700375720.0
000001.SZ,20240110,7.7,7.72,7.64,7.64,85862091,783771150.0
000001.SZ,20240111,7.63,7.75,7.59,7.7,93468637,853890237.0
000001.SZ,20240112,7.67,7.79,7.65,7.72,77258215,711018266.0
000001.SZ,20240115,7.7,7.8,7.67,7.74,74513266,685950951.0
000001.SZ,20240116,7.72,7.86,7.7,7.85,143831258,1334465409.0
000001.SZ,20240117,7.84,7.89,7.75,7.75,148229621,1380725065.0
000001.SZ,20240118,7.74,7.76,7.56,7.73,175513247,1597853727.0
000001.SZ,20240119,7.7,7.73,7.65,7.7,96398142,881865024.0
000001.SZ,20240122,7.7,7.78,7.59,7.65,158031966,1449858242.0
000001.SZ,20240123,7.6,7.71,7.53,7.7,113554458,1030898421.0
000001.SZ,20240124,7.75,7.85,7.62,7.84,175912316,1620099272.0
000001.SZ,20240125,7.84,8.01,7.79,7.98,216251395,2037648413.0
000001.SZ,20240126,7.96,8.12,7.93,8.08,227228706,2172799799.0
000001.SZ,20240129,8.14,8.3,8.05,8.15,237625184,2312173346.0
000001.SZ,20240130,8.07,8.15,7.97,7.98,157912214,1515156604.0
000001.SZ,20240131,7.95,8.03,7.88,7.95,135721747,1286857397.0
000001.SZ,20240201,7.91,7.96,7.85,7.91,105525987,993481907.0
000001.SZ,20240202,7.91,7.96,7.62,7.79,163421431,1520605695.0
000001.SZ,20240205,7.72,7.92,7.65,7.88,180359190,1674566499.0
000001.SZ,20240206,7.81,8.13,7.8,8.13,199540954,1900324218.0
000001.SZ,20240207,8.08,8.12,7.96,8.07,206201497,1975435102.0
000001.SZ,20240208,8.05,8.12,8.0,8.12,165681384,1593505690.0
000001.SZ,20240219,8.2,8.24,8.11,8.24,160524265,1564088445.0
000001.SZ,20240220,8.22,8.27,8.17,8.25,112356398,1098987813.0
000001.SZ,20240221,8.22,9.07,8.21,9.07,505528460,5295259397.0
000001.SZ,20240222,8.95,9.17,8.92,9.16,492232512,5307736374.0
000001.SZ,20240223,9.14,9.44,9.11,9.12,356747950,3917316282.0
000001.SZ,20240226,9.06,9.14,8.82,8.85,286260888,3048205025.0
000001.SZ,20240227,8.81,8.91,8.79,8.82,198190492,2083027074.0
000001.SZ,20240228,8.83,8.99,8.74,8.81,308269265,3253340358.0
000001.SZ,20240229,8.75,8.9,8.75,8.9,184534423,1936020983.0
000001.SZ,20240301,8.9,8.91,8.76,8.81,182810290,1917689307.0
000001.SZ,20240304,8.78,8.82,8.67,8.68,165592954,1719562862.0
000001.SZ,20240305,8.65,8.8,8.62,8.76,181731907,1889144330.0
000001.SZ,20240306,8.74,8.78,8.68,8.68,134564016,1396940060.0
000001.SZ,20240307,8.68,8.94,8.68,8.72,201616589,2109589237.0
000001.SZ,20240308,8.7,8.77,8.65,8.72,111397428,1154491251.0
000001.SZ,20240311,8.72,8.8,8.69,8.8,121067298,1260212020.0
000001.SZ,20240312,8.8,8.9,8.75,8.87,164126237,1721999708.0
000001.SZ,20240313,8.85,8.86,8.65,8.68,176803911,1834654994.0
000001.SZ,20240314,8.65,8.72,8.57,8.59,140939973,1448499698.0
000001.SZ,20240315,8.86,9.03,8.82,8.91,375020789,3973799131.0
000001.SZ,20240318,8.87,8.91,8.81,8.86,167139651,1761249150.0
000001.SZ,20240319,8.85,8.86,8.73,8.74,129321558,1351069630.0
000001.SZ,20240320,8.72,8.8,8.71,8.78,87266316,910278573.0
000001.SZ,20240321,8.78,8.84,8.75,8.8,86446625,905422294.0
000001.SZ,20240322,8.78,8.78,8.66,8.7,102814174,1065535606.0
000001.SZ,20240325,8.7,8.81,8.67,8.74,95320221,993304120.0
000001.SZ,20240326,8.78,8.96,8.75,8.91,174002146,1835376191.0
000001.SZ,20240327,8.87,8.93,8.83,8.85,127413599,1347397150.0
000001.SZ,20240328,8.83,8.88,8.72,8.81,130218892,1362980388.0
000001.SZ,20240329,8.78,8.88,8.76,8.84,87275898,917332316.0
000001.SZ,20240401,8.84,8.95,8.83,8.94,119108796,1261770380.0
000001.SZ,20240402,8.93,8.97,8.85,8.86,108545826,1149700800.0
000001.SZ,20240403,8.85,8.86,8.75,8.79,98184585,1028648883.0
000001.SZ,20240408,8.75,8.81,8.71,8.76,90636052,945290441.0
000001.SZ,20240409,8.76,8.8,8.7,8.74,85715673,891468991.0
000001.SZ,20240410,8.72,8.75,8.63,8.64,124639082,1288696196.0
000001.SZ,20240411,8.6,8.65,8.5,8.61,101021340,1030820137.0
000001.SZ,20240412,8.59,8.63,8.43,8.45,130545371,1322011754.0
000001.SZ,20240415,8.46,8.67,8.45,8.65,145320260,1486326196.0
000001.SZ,20240416,8.64,8.73,8.59,8.64,147803643,1523138499.0
000001.SZ,20240417,8.62,8.93,8.58,8.92,223264057,2337576587.0
000001.SZ,20240418,8.89,9.27,8.87,9.07,316591426,3427338982.0
000001.SZ,20240419,9.0,9.09,8.96,8.98,145767502,1562376147.0
000001.SZ,20240422,8.94,9.08,8.78,8.82,200981837,2125722741.0
000001.SZ,20240423,8.83,8.95,8.79,8.86,124002700,1308866093.0
000001.SZ,20240424,8.84,8.88,8.79,8.85,94156774,989093538.0
000001.SZ,20240425,8.82,8.92,8.8,8.91,111381224,1176304525.0
000001.SZ,20240426,8.9,8.96,8.8,8.91,160762751,1698581437.0
000001.SZ,20240429,8.87,9.16,8.84,9.08,216917737,2337350884.0
000001.SZ,20240430,9.07,9.14,9.01,9.07,132455653,1431407709.0
000001.SZ,20240506,9.21,9.33,9.11,9.15,178410057,1953817493.0
000001.SZ,20240507,9.13,9.15,9.04,9.14,108705665,1176786413.0
000001.SZ,20240508,9.11,9.14,9.0,9.01,122179127,1318612000.0
000001.SZ,20240509,9.0,9.09,9.0,9.04,106946063,1150726858.0
000001.SZ,20240510,9.05,9.21,9.04,9.19,176783561,1923452177.0
000001.SZ,20240513,9.16,9.25,9.08,9.22,140249860,1530058920.0
000001.SZ,20240514,9.24,9.29,9.14,9.17,107578391,1176577328.0
000001.SZ,20240515,9.16,9.17,9.08,9.1,86829660,942907951.0
000001.SZ,20240516,9.12,9.42,9.1,9.38,307629165,3410151917.0
000001.SZ,20240517,9.39,9.59,9.35,9.59,284174885,3200736554.0
000001.SZ,20240520,9.6,9.69,9.5,9.56,217021030,2475290152.0
000001.SZ,20240521,9.51,9.76,9.5,9.7,203004941,2336192875.0
000001.SZ,20240522,9.71,9.86,9.63,9.71,211553138,2458448970.0
000001.SZ,20240523,9.69,9.74,9.55,9.58,184162290,2110799282.0
000001.SZ,20240524,9.55,9.65,9.49,9.5,139827584,1593330336.0
000001.SZ,20240527,9.5,9.69,9.5,9.67,145436143,1663272118.0
000001.SZ,20240528,9.66,9.73,9.54,9.58,120432285,1377107204.0
000001.SZ,20240529,9.56,9.62,9.43,9.46,144481111,1635445613.0
000001.SZ,20240530,9.44,9.53,9.29,9.34,132549635,1481608711.0
000001.SZ,20240531,9.36,9.4,9.33,9.33,82670676,921248146.0
000001.SZ,20240603,9.34,9.35,9.17,9.22,132669675,1456086024.0
000001.SZ,20240604,9.2,9.28,9.17,9.26,98100495,1079356561.0
000001.SZ,20240605,9.28,9.3,9.13,9.13,101896775,1114155999.0
000001.SZ,20240606,9.16,9.22,9.14,9.16,104933153,1145989426.0
000001.SZ,20240607,9.17,9.25,9.15,9.23,117012604,1281662986.0
000001.SZ,20240611,9.22,9.26,9.07,9.13,133762854,1452841957.0
000001.SZ,20240612,9.12,9.17,9.06,9.14,95742635,1037927497.0
000001.SZ,20240613,9.15,9.18,9.07,9.07,120350779,1304403407.0
000001.SZ,20240614,9.14,9.21,8.99,9.16,163799047,1657433955.0
000001.SZ,20240617,9.12,9.14,9.07,9.09,68121702,688669914.0
000001.SZ,20240618,9.1,9.14,9.04,9.07,70065308,707829472.0
000001.SZ,20240619,9.09,9.19,9.07,9.14,79618418,807676192.0
000001.SZ,20240620,9.14,9.15,9.05,9.05,62962757,635070262.0
000001.SZ,20240621,9.05,9.08,8.96,9.0,83054528,831176895.0
000001.SZ,20240624,8.97,9.06,8.89,8.98,94708154,944907466.0
000001.SZ,20240625,8.99,9.12,8.98,9.07,76999281,775332072.0
000001.SZ,20240626,9.05,9.12,9.02,9.07,62859871,633763882.0
000001.SZ,20240627,9.05,9.19,9.0,9.12,92888197,938954398.0
000001.SZ,20240628,9.09,9.23,9.08,9.14,91808992,933947813.0
000001.SZ,20240701,9.08,9.32,9.04,9.32,134305149,1372549620.0
000001.SZ,20240702,9.27,9.43,9.25,9.36,138438570,1440864391.0
000001.SZ,20240703,9.36,9.39,9.26,9.28,71306746,737326421.0
000001.SZ,20240704,9.27,9.34,9.23,9.23,73504424,757464387.0
000001.SZ,20240705,9.23,9.26,8.93,8.97,171335386,1721256576.0
000001.SZ,20240708,8.95,9.02,8.87,8.94,86865962,864791776.0
000001.SZ,20240709,8.95,9.09,8.92,9.06,103248530,1034316511.0
000001.SZ,20240710,9.06,9.18,9.05,9.13,87386511,886626727.0
000001.SZ,20240711,9.19,9.21,9.06,9.12,72139225,731789332.0
000001.SZ,20240712,9.11,9.28,9.11,9.28,121416369,1246877666.0
000001.SZ,20240715,9.28,9.32,9.23,9.3,86941247,896975833.0
000001.SZ,20240716,9.3,9.33,9.22,9.27,94300811,971564895.0
000001.SZ,20240717,9.27,9.38,9.25,9.36,122016835,1266412580.0
000001.SZ,20240718,9.34,9.39,9.27,9.37,108706102,1127365071.0
000001.SZ,20240719,9.34,9.38,9.26,9.33,89872324,929722662.0
000001.SZ,20240722,9.32,9.34,9.17,9.21,99448087,1018663806.0
000001.SZ,20240723,9.23,9.3,9.14,9.16,102015363,1046994471.0
000001.SZ,20240724,9.16,9.22,9.11,9.12,72451757,736332832.0
000001.SZ,20240725,9.11,9.14,9.0,9.08,85640443,861750366.0
000001.SZ,20240726,9.09,9.11,8.97,9.03,92955195,931879546.0
000001.SZ,20240729,9.02,9.13,8.97,9.1,78155243,788019059.0
000001.SZ,20240730,9.09,9.12,9.03,9.07,61326795,618056610.0
000001.SZ,20240731,9.07,9.25,9.06,9.24,109690634,1117768675.0
000001.SZ,20240801,9.23,9.29,9.15,9.24,73388377,752688220.0
000001.SZ,20240802,9.2,9.23,9.12,9.13,59022876,601173371.0
000001.SZ,20240805,9.1,9.2,9.05,9.05,75897852,768980625.0
000001.SZ,20240806,9.06,9.11,8.9,8.94,126553691,1261997757.0
000001.SZ,20240807,8.96,8.98,8.92,8.94,51760842,514848813.0
000001.SZ,20240808,8.93,8.98,8.91,8.95,50041067,497548149.0
000001.SZ,20240809,8.96,9.09,8.95,9.04,73027396,732886456.0
000001.SZ,20240812,9.02,9.05,8.98,9.01,35301346,353251351.0
000001.SZ,20240813,9.02,9.03,8.93,8.96,62207720,620061492.0
000001.SZ,20240814,8.95,8.98,8.92,8.93,43638038,433380447.0
000001.SZ,20240815,8.93,9.05,8.88,9.03,77624747,775851461.0
000001.SZ,20240816,9.07,9.19,9.05,9.12,126036761,1277042001.0
000001.SZ,20240819,9.12,9.27,9.11,9.26,148298526,1520594688.0
000001.SZ,20240820,9.29,9.39,9.25,9.31,156918665,1623147686.0
000001.SZ,20240821,9.27,9.34,9.19,9.32,103488781,1068207868.0
000001.SZ,20240822,9.31,9.41,9.29,9.34,110903039,1153871816.0
000001.SZ,20240823,9.35,9.45,9.29,9.42,107190571,1117475768.0
000001.SZ,20240826,9.45,9.5,9.38,9.44,74067524,775921849.0
000001.SZ,20240827,9.42,9.47,9.33,9.39,72313658,755583764.0
000001.SZ,20240828,9.37,9.39,9.25,9.3,94254754,973872155.0
000001.SZ,20240829,9.28,9.34,9.1,9.12,119767631,1221351092.0
000001.SZ,20240830,9.1,9.23,9.1,9.14,129405908,1318858688.0
000001.SZ,20240902,9.11,9.19,9.08,9.1,96883550,983898751.0
000001.SZ,20240903,9.1,9.12,9.0,9.07,91658122,920884663.0
000001.SZ,20240904,9.05,9.14,9.0,9.02,84799233,852224670.0
000001.SZ,20240905,9.03,9.07,8.98,9.06,59420876,595845843.0
000001.SZ,20240906,9.05,9.19,9.05,9.07,87886543,891507834.0
000001.SZ,20240909,9.05,9.06,8.86,8.87,163917451,1624857668.0
000001.SZ,20240910,8.87,8.93,8.8,8.91,76790114,756124764.0
000001.SZ,20240911,8.89,8.89,8.67,8.69,110872704,1078602468.0
000001.SZ,20240912,8.69,8.79,8.65,8.77,58183405,564923216.0
000001.SZ,20240913,8.76,8.84,8.73,8.73,56646190,553269704.0
000001.SZ,20240918,8.75,8.8,8.69,8.79,44361099,431665627.0
000001.SZ,20240919,8.81,8.86,8.71,8.83,68429311,669341182.0
000001.SZ,20240920,8.83,8.91,8.8,8.91,79729714,785121199.0
000001.SZ,20240923,8.9,9.08,8.88,9.04,89690755,897428030.0
000001.SZ,20240924,9.1,9.33,9.07,9.33,163821319,1678174482.0
000001.SZ,20240925,9.47,9.63,9.41,9.45,216069398,2285995369.0
000001.SZ,20240926,9.45,10.04,9.45,10.04,308645720,3341759456.0
000001.SZ,20240927,10.22,10.4,9.93,10.28,384001637,4337985143.0
000001.SZ,20240930,10.46,11.07,10.4,10.99,543028364,6467438838.0
000001.SZ,20241008,12.09,12.09,11.11,11.59,588897778,7602664024.0
000001.SZ,20241009,11.37,11.37,10.49,10.51,426934506,5172049702.0
000001.SZ,20241010,10.68,11.27,10.67,11.01,342642168,4095573501.0
000001.SZ,20241011,11.03,11.19,10.65,10.78,207089057,2455848197.0
000001.SZ,20241014,11.01,11.2,10.84,11.05,240059509,2881934272.0
000001.SZ,20241015,10.98,11.24,10.92,10.94,207284077,2500974427.0
000001.SZ,20241016,10.85,11.2,10.82,11.09,191449353,2301340929.0
000001.SZ,20241017,11.1,11.24,10.97,10.99,165370809,1993261646.0
000001.SZ,20241018,10.95,11.2,10.74,11.07,260465416,3105820973.0
000001.SZ,20241021,10.98,10.98,10.69,10.86,280665467,3302020181.0
000001.SZ,20241022,10.81,10.97,10.78,10.84,161778713,1908438725.0
000001.SZ,20241023,10.87,10.93,10.8,10.9,151186604,1787236762.0
000001.SZ,20241024,10.86,10.9,10.78,10.8,88529942,1042818619.0
000001.SZ,20241025,10.82,10.83,10.75,10.77,110575468,1296844369.0
000001.SZ,20241028,10.74,10.74,10.6,10.7,116948698,1356008963.0
000001.SZ,20241029,10.68,10.79,10.6,10.61,119802482,1391150259.0
000001.SZ,20241030,10.57,10.65,10.36,10.41,148240279,1686501658.0
000001.SZ,20241031,10.42,10.52,10.33,10.46,125020539,1419624319.0
000001.SZ,20241101,10.46,10.62,10.43,10.51,158981111,1821423447.0
000001.SZ,20241104,10.51,10.54,10.35,10.54,113151611,1285874126.0
000001.SZ,20241105,10.5,10.72,10.47,10.71,166541840,1925260700.0
000001.SZ,20241106,10.68,10.7,10.55,10.62,146228636,1689977501.0
000001.SZ,20241107,10.57,10.97,10.55,10.95,224284379,2627007561.0
000001.SZ,20241108,10.98,11.04,10.76,10.78,189510415,2239060534.0
000001.SZ,20241111,10.69,10.74,10.55,10.67,148695164,1717961562.0
000001.SZ,20241112,10.65,10.89,10.58,10.61,171766255,2005791408.0
000001.SZ,20241113,10.57,10.76,10.55,10.67,108626328,1260161857.0
000001.SZ,20241114,10.66,10.76,10.6,10.61,115978311,1348378229.0
000001.SZ,20241115,10.57,10.67,10.5,10.52,121578351,1399308729.0
000001.SZ,20241118,10.69,11.07,10.68,10.8,379732445,4493249093.0
000001.SZ,20241119,10.8,11.0,10.62,10.74,243003665,2849661696.0
000001.SZ,20241120,10.73,10.8,10.67,10.7,128657248,1498818034.0
000001.SZ,20241121,10.68,10.71,10.63,10.66,88340806,1023998432.0
000001.SZ,20241122,10.66,10.67,10.37,10.37,162531744,1858071592.0
000001.SZ,20241125,10.37,10.43,10.24,10.28,116602032,1310130629.0
000001.SZ,20241126,10.28,10.4,10.24,10.36,83107820,933733855.0
000001.SZ,20241127,10.33,10.47,10.25,10.47,89517805,1010001964.0
000001.SZ,20241128,10.47,10.5,10.41,10.43,73316854,833121339.0
000001.SZ,20241129,10.45,10.54,10.43,10.46,102848758,1173316154.0
000001.SZ,20241202,10.47,10.48,10.4,10.47,97543366,1108785597.0
000001.SZ,20241203,10.45,10.57,10.44,10.56,108255936,1236992678.0
000001.SZ,20241204,10.52,10.6,10.45,10.54,100747059,1154623370.0
000001.SZ,20241205,10.52,10.57,10.49,10.52,68710883,786137964.0
000001.SZ,20241206,10.52,10.76,10.51,10.72,172626927,2004270466.0
000001.SZ,20241209,10.69,10.78,10.66,10.73,96406316,1123441855.0
000001.SZ,20241210,10.94,10.99,10.8,10.84,216780724,2564600677.0
000001.SZ,20241211,10.84,10.88,10.78,10.78,96769145,1138374175.0
000001.SZ,20241212,10.78,10.91,10.77,10.9,98623459,1164062448.0
000001.SZ,20241213,10.84,10.85,10.63,10.63,134379289,1565589089.0
000001.SZ,20241216,10.63,10.72,10.6,10.64,80571778,934226189.0
000001.SZ,20241217,10.64,10.71,10.59,10.6,80211995,929225455.0
000001.SZ,20241218,10.65,10.79,10.64,10.71,101658966,1186285805.0
000001.SZ,20241219,10.66,10.7,10.61,10.66,69737904,808465664.0
000001.SZ,20241220,10.66,10.76,10.65,10.68,71464627,831437460.0
000001.SZ,20241223,10.7,10.89,10.7,10.78,165940476,1953519499.0
000001.SZ,20241224,10.78,10.91,10.78,10.9,135083691,1595698790.0
000001.SZ,20241225,10.9,11.05,10.89,10.96,147528294,1759956630.0
000001.SZ,20241226,10.96,10.97,10.83,10.9,100007470,1183745519.0
000001.SZ,20241227,10.91,10.94,10.72,10.88,129001228,1518383345.0
000001.SZ,20241230,10.83,11.01,10.83,10.99,135184636,1610892096.0
000001.SZ,20241231,10.97,11.02,10.76,10.76,147536733,1747242074.0
000333.SZ,20240102,47.26,47.62,46.89,47.2,23905697,1305162004.0
000333.SZ,20240103,47.22,47.41,46.8,47.1,20689673,1126649739.0
000333.SZ,20240104,47.28,47.85,47.1,47.79,26702502,1467886385.0
000333.SZ,20240105,47.75,48.51,47.45,48.1,30042877,1669357551.0
000333.SZ,20240108,48.1,48.1,47.25,47.58,27809739,1531117699.0
000333.SZ,20240109,47.33,47.86,46.81,47.73,21607041,1184711712.0
000333.SZ,20240110,47.73,48.24,47.44,47.77,17820813,984854746.0
000333.SZ,20240111,47.77,48.0,47.34,47.58,21236920,1168392665.0
000333.SZ,20240112,47.49,48.19,47.21,47.58,24361080,1343879865.0
000333.SZ,20240115,47.44,48.43,47.28,48.34,19124097,1063527119.0
000333.SZ,20240116,48.11,49.27,47.66,49.24,33730399,1903147107.0
000333.SZ,20240117,48.99,49.56,48.76,48.76,26914126,1530395102.0
000333.SZ,20240118,49.13,49.3,47.65,48.79,39023100,2175726536.0
000333.SZ,20240119,48.44,48.96,48.32,48.56,29937004,1681993909.0
000333.SZ,20240122,48.34,49.01,47.65,47.87,35980322,2017295149.0
000333.SZ,20240123,48.03,49.04,47.41,48.77,28848518,1612570166.0
000333.SZ,20240124,48.57,49.69,48.46,49.47,26463721,1503303923.0
000333.SZ,20240125,49.57,49.73,48.65,48.75,24963629,1412367268.0
000333.SZ,20240126,48.75,49.96,48.75,49.75,32745737,1874299633.0
000333.SZ,20240129,50.09,51.45,49.91,50.77,37498736,2204469370.0
000333.SZ,20240130,50.78,51.21,50.17,50.36,27373299,1604993046.0
000333.SZ,20240131,50.1,50.99,49.67,50.39,25544153,1486711039.0
000333.SZ,20240201,50.37,51.44,50.17,50.87,30340175,1785789271.0
000333.SZ,20240202,50.61,50.93,49.58,50.39,28950504,1687829337.0
000333.SZ,20240205,50.17,51.56,50.02,51.43,46160268,2724269122.0
000333.SZ,20240206,51.26,52.59,51.06,51.86,37946385,2279549238.0
000333.SZ,20240207,51.29,52.92,51.06,52.86,46195919,2791586567.0
000333.SZ,20240208,53.02,53.94,51.89,52.15,34723180,2112587867.0
000333.SZ,20240219,53.37,53.37,51.74,52.42,35695854,2157379733.0
000333.SZ,20240220,52.16,53.45,51.62,53.37,29630917,1807531882.0
000333.SZ,20240221,52.77,54.11,52.49,53.38,27797182,1719403866.0
000333.SZ,20240222,52.95,53.45,52.79,53.07,19259055,1180530930.0
000333.SZ,20240223,53.36,53.72,51.32,51.57,43093597,2580957129.0
000333.SZ,20240226,51.77,53.2,51.77,52.16,34097731,2070387072.0
000333.SZ,20240227,52.41,53.62,51.99,53.56,28014795,1720508595.0
000333.SZ,20240228,53.63,53.9,52.73,53.48,25367364,1568616989.0
000333.SZ,20240229,53.63,54.91,53.42,54.18,48920998,3071855396.0
000333.SZ,20240301,54.93,55.8,54.39,55.77,32844906,2102800960.0
000333.SZ,20240304,56.23,57.09,54.93,55.88,37384392,2415284580.0
000333.SZ,20240305,55.93,56.57,54.89,56.26,35525326,2288367736.0
000333.SZ,20240306,56.14,56.69,55.62,55.8,21923001,1422222516.0
000333.SZ,20240307,55.75,57.66,55.54,56.92,30634033,2020641414.0
000333.SZ,20240308,56.98,57.52,56.12,57.18,26125410,1714883401.0
000333.SZ,20240311,57.17,57.18,55.85,56.59,28027002,1826293592.0
000333.SZ,20240312,56.53,56.53,54.54,55.48,50739915,3241294651.0
000333.SZ,20240313,55.07,55.65,54.5,55.42,32723164,2084900582.0
000333.SZ,20240314,55.24,56.01,55.02,55.8,31531677,2026233407.0
000333.SZ,20240315,55.7,55.8,54.76,55.38,25463904,1624685427.0
000333.SZ,20240318,55.26,55.27,53.94,53.94,42501113,2667915014.0
000333.SZ,20240319,53.81,54.6,53.78,54.15,29794618,1867932284.0
000333.SZ,20240320,53.81,54.07,53.11,53.53,37790890,2337851554.0
000333.SZ,20240321,53.56,53.67,52.02,52.38,39189153,2377326996.0
000333.SZ,20240322,52.39,54.2,52.34,54.17,43156777,2671677605.0
000333.SZ,20240325,53.8,55.07,53.44,54.41,26903326,1694247611.0
000333.SZ,20240326,53.9,54.71,53.9,54.26,25353749,1591428438.0
000333.SZ,20240327,54.09,56.12,54.07,55.08,34842794,2227887825.0
000333.SZ,20240328,55.56,56.57,54.65,55.87,45185411,2915943394.0
000333.SZ,20240329,55.87,56.86,55.07,55.55,25468858,1638381690.0
000333.SZ,20240401,55.8,57.34,55.45,57.28,32771225,2146737286.0
000333.SZ,20240402,57.09,57.55,56.88,57.31,22653632,1497277780.0
000333.SZ,20240403,57.27,57.87,57.08,57.73,20626495,1370613983.0
000333.SZ,20240408,57.72,57.83,55.94,56.51,32434492,2125546169.0
000333.SZ,20240409,56.23,56.75,56.07,56.26,19478279,1270147986.0
000333.SZ,20240410,56.12,57.27,55.85,56.38,18081970,1184377719.0
000333.SZ,20240411,56.19,57.05,55.89,56.29,19004769,1239842458.0
000333.SZ,20240412,56.22,56.75,55.87,56.13,21734388,1414407755.0
000333.SZ,20240415,56.13,57.96,55.98,57.82,31783741,2102897321.0
000333.SZ,20240416,57.77,59.49,57.59,59.09,39191380,2659237097.0
000333.SZ,20240417,58.82,59.52,57.94,59.33,24549649,1664966380.0
000333.SZ,20240418,59.33,61.7,59.15,60.55,39542136,2777734457.0
000333.SZ,20240419,60.06,61.06,60.06,60.55,28812335,2017233100.0
000333.SZ,20240422,60.73,61.58,60.12,60.54,28943754,2032072605.0
000333.SZ,20240423,60.41,60.55,58.47,59.16,38217940,2605557575.0
000333.SZ,20240424,59.12,59.38,57.74,58.74,30783047,2079963046.0
000333.SZ,20240425,58.07,59.31,58.07,59.03,22033298,1500859468.0
000333.SZ,20240426,59.04,59.39,58.32,59.14,24225747,1650078938.0
000333.SZ,20240429,59.08,59.59,58.16,59.0,33226398,2264197665.0
000333.SZ,20240430,57.82,61.55,57.79,60.36,57131843,3988190598.0
000333.SZ,20240506,60.99,61.82,60.25,61.43,46179914,3263609833.0
000333.SZ,20240507,61.25,62.57,61.09,61.51,30431457,2176139138.0
000333.SZ,20240508,60.99,61.71,60.89,61.2,17661960,1252248295.0
000333.SZ,20240509,61.42,62.58,61.09,62.15,28571831,2046734810.0
000333.SZ,20240510,62.46,62.57,61.71,62.18,22487905,1616063316.0
000333.SZ,20240513,62.18,63.14,61.16,62.9,27167410,1965130433.0
000333.SZ,20240514,62.87,63.05,60.73,61.28,39923610,2827063811.0
000333.SZ,20240515,61.86,63.3,61.51,63.0,30189455,2090761786.0
000333.SZ,20240516,63.0,63.03,62.13,62.62,24600403,1703048548.0
000333.SZ,20240517,62.11,62.76,60.07,61.43,41848256,2828611123.0
000333.SZ,20240520,60.51,61.3,59.79,60.11,42643037,2846862349.0
000333.SZ,20240521,59.84,60.77,59.78,60.1,24358794,1626841822.0
000333.SZ,20240522,59.91,60.09,58.98,59.07,26105215,1715205332.0
000333.SZ,20240523,59.06,59.77,58.7,59.37,24096149,1582459055.0
000333.SZ,20240524,59.06,60.49,58.79,60.16,25926968,1724580967.0
000333.SZ,20240527,60.05,61.66,59.18,61.04,30546219,2062139516.0
000333.SZ,20240528,61.05,61.21,60.05,60.53,19173667,1284865352.0
000333.SZ,20240529,60.14,60.68,59.15,59.46,24132098,1590410761.0
000333.SZ,20240530,59.34,59.77,58.82,58.86,19358623,1269509292.0
000333.SZ,20240531,58.87,59.21,58.29,58.48,26129419,1696172930.0
000333.SZ,20240603,58.59,59.87,58.04,58.72,35755629,2337233616.0
000333.SZ,20240604,58.69,58.69,57.25,58.41,30621198,1969401516.0
000333.SZ,20240605,58.29,58.88,57.61,57.72,28331925,1825603150.0
000333.SZ,20240606,57.61,59.63,57.61,59.38,43603719,2848032777.0
000333.SZ,20240607,58.88,59.1,57.53,58.84,40064590,2591739293.0
000333.SZ,20240611,58.25,60.05,57.96,58.7,33689664,2188026772.0
000333.SZ,20240612,58.55,59.37,58.27,58.84,25707199,1675974671.0
000333.SZ,20240613,58.98,59.1,57.49,57.72,27485047,1763239544.0
000333.SZ,20240614,57.35,59.38,57.34,59.25,37924447,2468107111.0
000333.SZ,20240617,59.38,59.38,57.96,58.27,25335808,1639603939.0
000333.SZ,20240618,58.07,58.87,57.5,58.55,21867469,1409611739.0
000333.SZ,20240619,58.49,58.77,56.71,57.79,34699957,2206055298.0
000333.SZ,20240620,57.7,58.47,57.38,58.22,28085788,1806800938.0
000333.SZ,20240621,58.24,58.47,57.34,57.75,24153669,1544527731.0
000333.SZ,20240624,57.53,59.19,57.44,58.59,30799053,1993977958.0
000333.SZ,20240625,58.56,59.41,58.26,58.96,25309206,1652171356.0
000333.SZ,20240626,58.71,59.05,57.71,58.02,23831407,1531598024.0
000333.SZ,20240627,57.84,58.23,57.32,57.88,27409461,1750926675.0
000333.SZ,20240628,57.34,58.51,57.32,58.25,25195612,1624767679.0
000333.SZ,20240701,58.06,59.04,57.43,57.88,19528313,1255074545.0
000333.SZ,20240702,57.52,57.97,56.71,56.89,29181345,1843585722.0
000333.SZ,20240703,56.94,57.51,56.66,56.92,18120842,1145370115.0
000333.SZ,20240704,57.07,58.88,57.07,58.34,27753098,1794060146.0
000333.SZ,20240705,58.25,58.83,56.89,57.79,26479582,1686503681.0
000333.SZ,20240708,57.43,58.44,57.04,58.0,19443576,1247645531.0
000333.SZ,20240709,57.62,58.4,57.45,57.88,21664464,1392889372.0
000333.SZ,20240710,58.28,58.75,57.62,57.62,15846909,1016718370.0
000333.SZ,20240711,57.66,58.2,56.46,57.7,27182655,1727208383.0
000333.SZ,20240712,57.6,58.88,57.47,58.7,24574092,1588658353.0
000333.SZ,20240715,58.5,58.84,58.12,58.64,17045913,1104204269.0
000333.SZ,20240716,58.36,58.66,57.57,58.04,20406778,1313240364.0
000333.SZ,20240717,57.83,58.14,55.68,56.74,46462849,2909157024.0
000333.SZ,20240718,56.0,58.21,56.0,57.7,34532462,2193053871.0
000333.SZ,20240719,57.22,57.6,56.79,57.43,21796963,1381064608.0
000333.SZ,20240722,57.3,58.37,57.18,57.46,19930345,1273643439.0
000333.SZ,20240723,57.46,57.6,56.33,56.33,18537845,1165932040.0
000333.SZ,20240724,56.0,56.64,53.86,54.25,45547336,2757887294.0
000333.SZ,20240725,53.75,54.26,53.19,53.64,30109151,1787253322.0
000333.SZ,20240726,56.74,56.88,55.45,56.75,57740171,3598947643.0
000333.SZ,20240729,56.26,57.08,56.13,56.78,20712828,1297587355.0
000333.SZ,20240730,56.45,56.68,54.72,55.14,22575846,1381015834.0
000333.SZ,20240731,54.84,57.67,54.84,57.58,40174739,2530147580.0
000333.SZ,20240801,57.61,58.4,57.26,57.41,24406833,1561027259.0
000333.SZ,20240802,57.16,58.05,56.5,56.88,20261524,1280021474.0
000333.SZ,20240805,56.48,58.07,55.59,55.67,35476754,2214817315.0
000333.SZ,20240806,55.64,56.22,53.75,54.11,38493182,2316733895.0
000333.SZ,20240807,54.11,55.43,53.5,54.81,25298592,1535238304.0
000333.SZ,20240808,54.56,55.52,54.37,55.05,14231910,867672450.0
000333.SZ,20240809,54.95,55.72,54.48,54.63,13802375,839905714.0
000333.SZ,20240812,54.63,56.11,54.46,55.43,16949235,1042597208.0
000333.SZ,20240813,55.43,56.09,55.01,55.41,9835074,602892300.0
000333.SZ,20240814,55.41,55.53,54.72,54.99,11227780,685993302.0
000333.SZ,20240815,54.81,55.4,54.44,55.09,19163262,1166672167.0
000333.SZ,20240816,54.91,55.9,54.79,55.75,18066988,1112521867.0
000333.SZ,20240819,55.71,57.03,55.69,56.31,17275349,1075574308.0
000333.SZ,20240820,57.32,57.33,55.77,56.91,25780974,1623775567.0
000333.SZ,20240821,56.63,57.52,56.29,57.04,21187130,1337959065.0
000333.SZ,20240822,57.01,58.24,56.64,57.88,24978743,1597113183.0
000333.SZ,20240823,57.79,59.56,57.69,59.11,29047135,1895805009.0
000333.SZ,20240826,59.55,60.19,58.61,59.89,33958151,2241141518.0
000333.SZ,20240827,59.6,60.03,59.14,59.59,24113793,1590912374.0
000333.SZ,20240828,59.58,59.74,58.31,58.63,26542959,1726057217.0
000333.SZ,20240829,58.17,58.98,57.75,57.75,23285563,1500197088.0
000333.SZ,20240830,57.32,59.43,57.23,58.47,33386334,2160911498.0
000333.SZ,20240902,58.25,60.07,58.19,58.9,26075882,1706301995.0
000333.SZ,20240903,58.71,60.03,58.7,59.57,24237888,1599193264.0
000333.SZ,20240904,59.47,60.23,59.02,59.13,27499633,1814975104.0
000333.SZ,20240905,58.65,59.06,57.32,57.42,43212322,2763225151.0
000333.SZ,20240906,57.43,58.29,56.8,56.91,23320164,1480652837.0
000333.SZ,20240909,55.4,56.17,54.8,55.17,54840638,3359451100.0
000333.SZ,20240910,54.62,55.66,54.62,54.86,40111034,2451075854.0
000333.SZ,20240911,54.65,56.06,53.91,55.68,41921762,2572399328.0
000333.SZ,20240912,55.81,56.76,55.68,56.32,27616861,1719561913.0
000333.SZ,20240913,56.03,57.6,55.62,57.35,32148994,2037679478.0
000333.SZ,20240918,57.45,59.34,57.25,58.92,29502596,1915513518.0
000333.SZ,20240919,56.26,59.36,56.26,58.95,47611503,3085181571.0
000333.SZ,20240920,58.62,59.87,58.48,59.65,39801250,2608979309.0
000333.SZ,20240923,60.02,61.31,59.78,61.05,39162141,2643088028.0
000333.SZ,20240924,61.05,61.63,59.78,61.44,50090152,3378454557.0
000333.SZ,20240925,61.6,64.57,61.6,63.31,62766129,4428074584.0
000333.SZ,20240926,63.21,66.54,63.02,66.43,50134212,3592524658.0
000333.SZ,20240927,67.5,68.99,64.25,65.92,85744787,6253333702.0
000333.SZ,20240930,66.07,69.44,65.05,68.68,125166492,9344041944.0
000333.SZ,20241008,75.56,75.56,71.1,72.41,135239267,11050056032.0
000333.SZ,20241009,70.8,71.63,66.84,67.74,89550113,6896386875.0
000333.SZ,20241010,68.59,71.68,68.51,70.71,67303399,5259062088.0
000333.SZ,20241011,70.44,70.64,68.54,69.33,38060178,2930030642.0
000333.SZ,20241014,69.56,71.6,69.17,71.34,46282832,3620244782.0
000333.SZ,20241015,71.34,71.34,68.63,68.63,37583316,2905639306.0
000333.SZ,20241016,67.46,68.18,66.58,67.94,34282949,2559503194.0
000333.SZ,20241017,67.94,68.21,65.83,65.99,39437630,2920853670.0
000333.SZ,20241018,65.99,68.81,65.61,67.74,42785106,3180240270.0
000333.SZ,20241021,68.04,68.61,66.17,66.9,34322896,2547898013.0
000333.SZ,20241022,67.14,69.5,66.95,69.08,40405973,3073890031.0
000333.SZ,20241023,69.17,70.24,68.63,68.97,26831280,2053544728.0
000333.SZ,20241024,68.73,69.05,68.0,68.31,17108673,1296926992.0
000333.SZ,20241025,68.11,68.5,67.52,67.97,21057289,1583775153.0
000333.SZ,20241028,68.17,68.25,66.83,67.61,28059096,2091524794.0
000333.SZ,20241029,67.38,68.18,66.64,66.89,29727177,2214621306.0
000333.SZ,20241030,66.55,67.14,65.13,65.7,40413734,2939634796.0
000333.SZ,20241031,65.89,66.54,64.21,64.49,50046867,3595551677.0
000333.SZ,20241101,64.51,65.92,63.56,65.24,41651482,3009423819.0
000333.SZ,20241104,65.14,66.26,64.75,65.78,23231578,1680407656.0
000333.SZ,20241105,65.47,66.35,64.31,66.04,41696728,3027068197.0
000333.SZ,20241106,66.05,66.05,64.09,64.27,52593143,3768679119.0
000333.SZ,20241107,63.53,65.11,63.11,65.11,54774602,3895318881.0
000333.SZ,20241108,65.61,66.61,64.21,65.54,59337382,4283549293.0
000333.SZ,20241111,64.32,64.87,63.95,64.66,44207913,3153791634.0
000333.SZ,20241112,64.94,67.63,64.83,65.37,57547722,4231304809.0
000333.SZ,20241113,65.45,67.1,65.43,66.28,45841657,3373337471.0
000333.SZ,20241114,66.35,67.63,65.32,66.5,40843466,3020822981.0
000333.SZ,20241115,66.06,66.92,64.88,65.24,34282515,2496870647.0
000333.SZ,20241118,65.17,65.9,63.96,64.16,31938599,2292938837.0
000333.SZ,20241119,64.16,64.79,63.84,64.4,22665163,1614053712.0
000333.SZ,20241120,64.46,64.7,63.88,64.5,22637119,1610809493.0
000333.SZ,20241121,64.45,64.47,63.71,63.97,21652845,1534662636.0
000333.SZ,20241122,63.96,65.76,63.41,63.56,38845820,2781161792.0
000333.SZ,20241125,63.31,65.36,63.31,63.56,38586774,2737579009.0
000333.SZ,20241126,63.31,64.3,62.63,63.75,27418796,1932586725.0
000333.SZ,20241127,63.5,64.57,62.98,64.4,26482499,1875798199.0
000333.SZ,20241128,65.02,65.02,63.0,63.38,32328951,2275593420.0
000333.SZ,20241129,62.92,63.91,62.81,63.33,27750141,1951115164.0
000333.SZ,20241202,63.35,63.69,62.52,63.28,35790565,2500096040.0
000333.SZ,20241203,63.21,63.21,62.67,63.08,31317422,2181594388.0
000333.SZ,20241204,63.1,65.01,62.85,64.56,53195506,3779094534.0
000333.SZ,20241205,64.66,65.81,64.49,64.77,36764463,2647263413.0
000333.SZ,20241206,64.82,66.04,64.58,65.79,45677846,3318584662.0
000333.SZ,20241209,65.03,66.72,64.4,66.04,41321923,3017126124.0
000333.SZ,20241210,69.09,69.23,66.63,66.68,55513289,4164810151.0
000333.SZ,20241211,66.55,68.03,66.46,67.82,33543390,2512587263.0
000333.SZ,20241212,67.91,68.4,67.16,68.23,28639814,2153602254.0
000333.SZ,20241213,67.91,67.94,66.22,66.82,37063334,2744782532.0
000333.SZ,20241216,66.91,67.23,65.61,66.12,28047059,2054964896.0
000333.SZ,20241217,66.1,67.44,65.75,66.53,27887305,2058385955.0
000333.SZ,20241218,66.52,67.35,66.45,66.91,22578549,1675256403.0
000333.SZ,20241219,66.7,67.94,66.14,67.22,25355278,1893593092.0
000333.SZ,20241220,67.21,67.54,66.52,66.82,20939651,1552494957.0
000333.SZ,20241223,66.82,67.95,66.78,67.38,22602881,1689849270.0
000333.SZ,20241224,67.19,68.97,67.19,68.86,34414101,2606513926.0
000333.SZ,20241225,68.9,69.17,67.76,68.22,22733866,1719267176.0
000333.SZ,20241226,67.96,68.85,67.41,68.61,24214292,1829497500.0
000333.SZ,20241227,68.61,68.68,67.55,68.11,19842117,1493951286.0
000333.SZ,20241230,67.73,68.79,67.66,68.02,22182724,1676164969.0
000333.SZ,20241231,67.82,68.68,67.45,67.93,30766003,2324365541.0
000725.SZ,20240102,3.78,3.79,3.73,3.76,310637188,1201721504.0
000725.SZ,20240103,3.75,3.78,3.71,3.74,264772115,1019815022.0
000725.SZ,20240104,3.73,3.74,3.66,3.69,260849504,990575367.0
000725.SZ,20240105,3.69,3.74,3.66,3.68,282527220,1078996758.0
000725.SZ,20240108,3.71,3.86,3.7,3.77,601705642,2346299630.0
000725.SZ,20240109,3.75,3.81,3.66,3.67,438196798,1677063516.0
000725.SZ,20240110,3.66,3.67,3.61,3.62,312938530,1168411121.0
000725.SZ,20240111,3.63,3.66,3.61,3.66,228545185,855965250.0
000725.SZ,20240112,3.65,3.66,3.61,3.62,223497863,835198125.0
000725.SZ,20240115,3.6,3.65,3.59,3.62,193864016,721545641.0
000725.SZ,20240116,3.63,3.64,3.56,3.63,310656073,1149691608.0
000725.SZ,20240117,3.62,3.63,3.58,3.58,222970600,826388162.0
000725.SZ,20240118,3.58,3.59,3.44,3.57,490711499,1770996795.0
000725.SZ,20240119,3.55,3.59,3.5,3.55,306907539,1118105654.0
000725.SZ,20240122,3.55,3.57,3.45,3.48,347503979,1259434991.0
000725.SZ,20240123,3.47,3.52,3.43,3.48,282421057,1008330680.0
000725.SZ,20240124,3.49,3.57,3.43,3.56,268791011,967834694.0
000725.SZ,20240125,3.56,3.65,3.54,3.64,309853817,1150401966.0
000725.SZ,20240126,3.63,3.67,3.61,3.65,317946499,1191565002.0
000725.SZ,20240129,3.66,3.68,3.64,3.64,245639573,924638822.0
000725.SZ,20240130,3.63,3.65,3.55,3.55,250552149,928215792.0
000725.SZ,20240131,3.55,3.57,3.48,3.5,291225241,1054996194.0
000725.SZ,20240201,3.48,3.64,3.47,3.57,363587128,1334934001.0
000725.SZ,20240202,3.59,3.61,3.45,3.55,389005710,1413168329.0
000725.SZ,20240205,3.53,3.6,3.47,3.55,473843827,1720309007.0
000725.SZ,20240206,3.52,3.72,3.51,3.71,552147844,2072658495.0
000725.SZ,20240207,3.73,3.78,3.71,3.77,554487959,2143944941.0
000725.SZ,20240208,3.76,3.79,3.72,3.77,467307383,1810685604.0
000725.SZ,20240219,3.79,3.84,3.75,3.84,452831759,1776347592.0
000725.SZ,20240220,3.82,3.86,3.8,3.85,317596246,1253422509.0
000725.SZ,20240221,3.84,3.92,3.81,3.86,435794460,1740056569.0
000725.SZ,20240222,3.87,3.89,3.83,3.87,322997628,1282298395.0
000725.SZ,20240223,3.88,3.89,3.84,3.87,256257392,1018522011.0
000725.SZ,20240226,3.87,3.89,3.82,3.82,283191515,1122148581.0
000725.SZ,20240227,3.82,3.88,3.81,3.87,270750799,1072043389.0
000725.SZ,20240228,3.88,3.89,3.79,3.79,409833790,1616784894.0
000725.SZ,20240229,3.77,3.88,3.77,3.88,384614846,1518212092.0
000725.SZ,20240301,3.88,4.0,3.88,4.0,696023332,2826205225.0
000725.SZ,20240304,4.01,4.02,3.93,3.94,415197899,1688960387.0
000725.SZ,20240305,3.93,3.98,3.92,3.96,379207883,1541094379.0
000725.SZ,20240306,3.96,4.01,3.94,3.94,340575173,1388119033.0
000725.SZ,20240307,3.94,3.97,3.91,3.92,265599207,1074070261.0
000725.SZ,20240308,3.93,3.95,3.91,3.94,207941830,840716269.0
000725.SZ,20240311,3.94,3.99,3.92,3.97,343859419,1399474886.0
000725.SZ,20240312,3.98,3.98,3.92,3.95,293267130,1188820766.0
000725.SZ,20240313,3.95,3.98,3.93,3.95,307841234,1252608984.0
000725.SZ,20240314,3.94,3.96,3.88,3.89,293655367,1182204962.0
000725.SZ,20240315,3.89,3.93,3.87,3.93,258782166,1038739236.0
000725.SZ,20240318,3.93,3.95,3.9,3.94,333099570,1343637742.0
000725.SZ,20240319,3.93,3.97,3.92,3.93,276061225,1119769189.0
000725.SZ,20240320,3.92,3.94,3.88,3.9,256162976,1027584670.0
000725.SZ,20240321,3.91,3.97,3.89,3.89,323563653,1304912951.0
000725.SZ,20240322,3.89,3.91,3.81,3.81,361396171,1426570654.0
000725.SZ,20240325,3.81,3.87,3.79,3.82,286643070,1132912017.0
000725.SZ,20240326,3.82,3.85,3.79,3.83,217522162,854498358.0
000725.SZ,20240327,3.83,3.89,3.81,3.84,356121558,1411584414.0
000725.SZ,20240328,3.84,3.96,3.83,3.92,389520924,1564838389.0
000725.SZ,20240329,3.93,3.95,3.91,3.95,195239200,787714887.0
000725.SZ,20240401,3.97,4.27,3.96,4.22,1193725057,5130006720.0
000725.SZ,20240402,4.19,4.22,4.12,4.18,550133067,2357191633.0
000725.SZ,20240403,4.18,4.29,4.16,4.22,557694455,2419524827.0
000725.SZ,20240408,4.24,4.3,4.2,4.23,463667160,2028590805.0
000725.SZ,20240409,4.24,4.26,4.15,4.21,361837761,1559763874.0
000725.SZ,20240410,4.2,4.21,4.1,4.14,334414355,1428026062.0
000725.SZ,20240411,4.11,4.16,4.11,4.12,293586296,1248385587.0
000725.SZ,20240412,4.17,4.22,4.1,4.11,490164258,2089246272.0
000725.SZ,20240415,4.11,4.2,4.1,4.18,458095539,1962152188.0
000725.SZ,20240416,4.18,4.19,4.09,4.1,388150021,1648690147.0
000725.SZ,20240417,4.1,4.17,4.1,4.16,377488510,1603181502.0
000725.SZ,20240418,4.15,4.29,4.15,4.18,445087657,1931921419.0
000725.SZ,20240419,4.16,4.18,4.09,4.12,375183476,1592834340.0
000725.SZ,20240422,4.11,4.12,4.06,4.1,239121122,1008134856.0
000725.SZ,20240423,4.13,4.18,4.08,4.09,339250615,1437579667.0
000725.SZ,20240424,4.09,4.17,4.08,4.16,315782100,1342628130.0
000725.SZ,20240425,4.16,4.25,4.14,4.2,353219525,1527145801.0
000725.SZ,20240426,4.2,4.25,4.19,4.25,358244855,1560142524.0
000725.SZ,20240429,4.24,4.25,4.2,4.22,358108711,1553219123.0
000725.SZ,20240430,4.24,4.3,4.23,4.24,433288215,1899395510.0
000725.SZ,20240506,4.33,4.43,4.29,4.39,746966432,3357662786.0
000725.SZ,20240507,4.38,4.4,4.29,4.31,475016799,2124494175.0
000725.SZ,20240508,4.32,4.33,4.25,4.3,405321919,1787022742.0
000725.SZ,20240509,4.28,4.34,4.26,4.27,348873837,1542804959.0
000725.SZ,20240510,4.29,4.3,4.22,4.26,318200703,1390409617.0
000725.SZ,20240513,4.24,4.28,4.21,4.24,325762171,1422525373.0
000725.SZ,20240514,4.26,4.31,4.24,4.26,268778006,1179797900.0
000725.SZ,20240515,4.25,4.26,4.2,4.21,226047646,982623120.0
000725.SZ,20240516,4.21,4.24,4.15,4.18,280860019,1212622042.0
000725.SZ,20240517,4.17,4.29,4.16,4.29,376993235,1642020079.0
000725.SZ,20240520,4.29,4.31,4.2,4.22,408026792,1781339160.0
000725.SZ,20240521,4.22,4.29,4.2,4.24,289661105,1267282168.0
000725.SZ,20240522,4.25,4.27,4.2,4.25,328773010,1430107861.0
000725.SZ,20240523,4.24,4.25,4.13,4.14,358452816,1535147316.0
000725.SZ,20240524,4.13,4.16,4.1,4.11,292666254,1244248025.0
000725.SZ,20240527,4.11,4.18,4.09,4.17,273622959,1163463560.0
000725.SZ,20240528,4.17,4.19,3.96,3.98,645584662,2680421135.0
000725.SZ,20240529,3.99,4.03,3.97,3.98,363857730,1494516203.0
000725.SZ,20240530,3.99,4.01,3.95,4.0,274626183,1126661202.0
000725.SZ,20240531,4.01,4.04,3.96,3.97,275525407,1132948594.0
000725.SZ,20240603,3.97,4.0,3.9,3.98,330413355,1344597649.0
000725.SZ,20240604,3.98,4.06,3.96,4.02,387898283,1605612963.0
000725.SZ,20240605,4.04,4.05,4.0,4.0,236746450,978046338.0
000725.SZ,20240606,4.01,4.04,3.97,3.98,277030229,1139955102.0
000725.SZ,20240607,4.0,4.03,3.97,4.02,277043449,1140907955.0
000725.SZ,20240611,4.01,4.02,3.98,4.01,257640601,1059995165.0
000725.SZ,20240612,4.01,4.04,3.96,3.97,314801560,1292597731.0
000725.SZ,20240613,3.98,3.99,3.85,3.91,373162658,1504441156.0
000725.SZ,20240614,3.91,3.96,3.9,3.96,277404300,1121571694.0
000725.SZ,20240617,3.94,4.01,3.88,3.97,395935426,1608210578.0
000725.SZ,20240618,3.97,4.03,3.96,4.02,345190175,1420444151.0
000725.SZ,20240619,4.03,4.05,4.0,4.02,223969799,921266765.0
000725.SZ,20240620,4.01,4.03,3.94,3.95,313087971,1270916320.0
000725.SZ,20240621,3.95,3.98,3.91,3.97,288415245,1161013342.0
000725.SZ,20240624,3.96,3.96,3.87,3.88,366410233,1465887743.0
000725.SZ,20240625,3.88,3.89,3.79,3.83,408393173,1600102801.0
000725.SZ,20240626,3.82,3.93,3.81,3.91,301662185,1189178451.0
000725.SZ,20240627,3.9,3.98,3.88,3.96,372424910,1500575423.0
000725.SZ,20240628,3.94,4.05,3.94,4.0,372450916,1525071773.0
000725.SZ,20240701,4.0,4.03,3.99,4.02,218273513,894375721.0
000725.SZ,20240702,4.02,4.03,3.99,4.01,205256019,841333686.0
000725.SZ,20240703,4.0,4.05,4.0,4.04,219490658,902973206.0
000725.SZ,20240704,4.04,4.07,4.0,4.0,236696421,973857427.0
000725.SZ,20240705,4.01,4.01,3.93,3.98,280849595,1137030452.0
000725.SZ,20240708,3.99,4.02,3.94,3.95,254115140,1031963133.0
000725.SZ,20240709,3.94,4.02,3.92,4.01,334220798,1359394053.0
000725.SZ,20240710,4.02,4.14,4.02,4.1,420176026,1757715100.0
000725.SZ,20240711,4.14,4.23,4.12,4.22,516657788,2203627224.0
000725.SZ,20240712,4.2,4.23,4.16,4.21,349009635,1494353489.0
000725.SZ,20240715,4.06,4.07,3.88,3.9,1120952624,4495750156.0
000725.SZ,20240716,3.9,4.02,3.86,4.02,681219766,2750764036.0
000725.SZ,20240717,4.01,4.03,3.98,3.99,359373938,1467132850.0
000725.SZ,20240718,3.97,3.98,3.9,3.96,355429194,1429842976.0
000725.SZ,20240719,3.95,4.0,3.94,3.99,321570232,1306228056.0
000725.SZ,20240722,4.0,4.0,3.9,3.93,372392142,1494078917.0
000725.SZ,20240723,3.93,3.93,3.82,3.82,447895687,1767704511.0
000725.SZ,20240724,3.82,3.83,3.67,3.72,606184021,2304690001.0
000725.SZ,20240725,3.68,3.72,3.67,3.7,368052324,1389051756.0
000725.SZ,20240726,3.7,3.78,3.7,3.77,349519821,1339365329.0
000725.SZ,20240729,3.78,3.8,3.75,3.76,208510173,803136411.0
000725.SZ,20240730,3.75,3.78,3.73,3.76,224353714,860173746.0
000725.SZ,20240731,3.77,3.87,3.77,3.86,345472418,1351059124.0
000725.SZ,20240801,3.86,3.89,3.82,3.83,250998760,985572432.0
000725.SZ,20240802,3.81,3.85,3.79,3.79,238085900,928767659.0
000725.SZ,20240805,3.77,3.8,3.68,3.68,397857454,1513666017.0
000725.SZ,20240806,3.7,3.73,3.65,3.69,308396945,1160670986.0
000725.SZ,20240807,3.69,3.7,3.66,3.67,218457907,820556426.0
000725.SZ,20240808,3.65,3.68,3.62,3.66,241622902,901072295.0
000725.SZ,20240809,3.67,3.7,3.65,3.65,210866617,791558347.0
000725.SZ,20240812,3.65,3.66,3.61,3.62,200828780,746242825.0
000725.SZ,20240813,3.62,3.65,3.6,3.65,228006201,844659515.0
000725.SZ,20240814,3.65,3.68,3.64,3.64,172046055,642600638.0
000725.SZ,20240815,3.65,3.74,3.63,3.71,344577366,1303109422.0
000725.SZ,20240816,3.72,3.75,3.71,3.72,232741061,886627438.0
000725.SZ,20240819,3.72,3.75,3.71,3.73,198053375,755789745.0
000725.SZ,20240820,3.74,3.77,3.71,3.72,277074010,1057437690.0
000725.SZ,20240821,3.72,3.8,3.71,3.75,256238985,985804035.0
000725.SZ,20240822,3.75,3.79,3.73,3.77,228000740,877089030.0
000725.SZ,20240823,3.76,3.79,3.72,3.78,243248388,934908154.0
000725.SZ,20240826,3.79,3.84,3.78,3.82,230305968,895884845.0
000725.SZ,20240827,3.81,3.81,3.69,3.71,297459084,1133470284.0
000725.SZ,20240828,3.72,3.75,3.68,3.74,223834810,850891984.0
000725.SZ,20240829,3.74,3.82,3.72,3.8,321524948,1245594730.0
000725.SZ,20240830,3.82,3.87,3.78,3.78,466288584,1815830778.0
000725.SZ,20240902,3.78,3.8,3.73,3.75,287400907,1105484488.0
000725.SZ,20240903,3.75,3.83,3.74,3.81,297341214,1153620644.0
000725.SZ,20240904,3.8,3.82,3.75,3.81,205891321,797670303.0
000725.SZ,20240905,3.8,3.81,3.76,3.77,243323014,939698346.0
000725.SZ,20240906,3.78,3.8,3.74,3.74,163738439,629387568.0
000725.SZ,20240909,3.77,3.77,3.69,3.71,240921491,914644473.0
000725.SZ,20240910,3.71,3.77,3.67,3.76,262065538,996180225.0
000725.SZ,20240911,3.76,3.77,3.66,3.68,248318767,938133600.0
000725.SZ,20240912,3.68,3.71,3.63,3.63,232112347,868404028.0
000725.SZ,20240913,3.64,3.66,3.56,3.57,296687777,1091935048.0
000725.SZ,20240918,3.58,3.59,3.52,3.55,234219070,847639538.0
000725.SZ,20240919,3.58,3.67,3.57,3.66,343579574,1274900883.0
000725.SZ,20240920,3.67,3.72,3.64,3.7,296515422,1115046700.0
000725.SZ,20240923,3.71,3.74,3.67,3.72,214047225,813038485.0
000725.SZ,20240924,3.73,3.81,3.72,3.8,429881449,1659092497.0
000725.SZ,20240925,3.83,3.89,3.79,3.81,465188951,1827496341.0
000725.SZ,20240926,3.78,3.9,3.77,3.89,565378154,2213837799.0
000725.SZ,20240927,3.95,4.11,3.94,4.06,896616844,3679363650.0
000725.SZ,20240930,4.17,4.4,4.12,4.38,1517585680,6615144258.0
000725.SZ,20241008,4.82,4.82,4.41,4.62,1827104882,8616898239.0
000725.SZ,20241009,4.55,4.55,4.24,4.26,1221661350,5458203052.0
000725.SZ,20241010,4.27,4.38,4.22,4.28,757922052,3329698029.0
000725.SZ,20241011,4.26,4.27,4.04,4.1,659297535,2792792654.0
000725.SZ,20241014,4.12,4.19,4.07,4.16,602350252,2545426299.0
000725.SZ,20241015,4.16,4.19,4.06,4.06,550830402,2321805097.0
000725.SZ,20241016,4.01,4.07,4.0,4.04,454688326,1871906646.0
000725.SZ,20241017,4.05,4.11,4.0,4.0,462213740,1915046928.0
000725.SZ,20241018,4.0,4.15,3.97,4.07,843399864,3487259740.0
000725.SZ,20241021,4.1,4.2,4.09,4.14,945184801,4012207003.0
000725.SZ,20241022,4.14,4.2,4.09,4.19,717453717,3047262477.0
000725.SZ,20241023,4.19,4.33,4.17,4.25,943893003,4101150298.0
000725.SZ,20241024,4.22,4.23,4.14,4.16,484610717,2063701149.0
000725.SZ,20241025,4.16,4.3,4.15,4.28,704225468,3054323702.0
000725.SZ,20241028,4.28,4.28,4.2,4.26,667338928,2883064498.0
000725.SZ,20241029,4.28,4.29,4.21,4.22,565078058,2449711434.0
000725.SZ,20241030,4.22,4.52,4.2,4.43,1756182506,7873931174.0
000725.SZ,20241031,4.51,4.65,4.35,4.57,2057376082,9439066969.0
000725.SZ,20241101,4.6,4.63,4.35,4.37,1422533931,6464534866.0
000725.SZ,20241104,4.36,4.47,4.34,4.41,710848080,3203193383.0
000725.SZ,20241105,4.43,4.55,4.4,4.52,1084820919,4977801359.0
000725.SZ,20241106,4.53,4.54,4.43,4.47,932691539,4271153937.0
000725.SZ,20241107,4.45,4.56,4.43,4.56,1028628512,4735598648.0
000725.SZ,20241108,4.58,4.61,4.5,4.53,879021872,4093173218.0
000725.SZ,20241111,4.5,4.62,4.47,4.56,958376289,4455056099.0
000725.SZ,20241112,4.55,4.58,4.42,4.45,996253801,4585001481.0
000725.SZ,20241113,4.42,4.47,4.38,4.46,662013028,2987642307.0
000725.SZ,20241114,4.47,4.47,4.31,4.31,689238968,3082907196.0
000725.SZ,20241115,4.3,4.45,4.29,4.32,778116803,3472426459.0
000725.SZ,20241118,4.41,4.45,4.31,4.32,834495592,3727032797.0
000725.SZ,20241119,4.33,4.35,4.2,4.31,742327636,3240828429.0
000725.SZ,20241120,4.32,4.34,4.28,4.32,448523352,1973634223.0
000725.SZ,20241121,4.32,4.33,4.26,4.28,436590523,1911660569.0
000725.SZ,20241122,4.27,4.3,4.15,4.15,574991771,2486567679.0
000725.SZ,20241125,4.15,4.17,4.07,4.11,539312222,2270746985.0
000725.SZ,20241126,4.1,4.15,4.09,4.1,420739192,1769736757.0
000725.SZ,20241127,4.1,4.22,4.06,4.21,569823478,2414487461.0
000725.SZ,20241128,4.21,4.22,4.16,4.17,345027850,1475634018.0
000725.SZ,20241129,4.17,4.24,4.16,4.21,427220739,1833585184.0
000725.SZ,20241202,4.22,4.25,4.21,4.23,429943349,1858405741.0
000725.SZ,20241203,4.23,4.24,4.19,4.22,395104973,1701106431.0
000725.SZ,20241204,4.22,4.23,4.16,4.17,449792160,1924035912.0
000725.SZ,20241205,4.16,4.19,4.15,4.17,335981608,1432250690.0
000725.SZ,20241206,4.17,4.23,4.16,4.22,479284158,2060279634.0
000725.SZ,20241209,4.22,4.24,4.17,4.2,429486729,1841863509.0
000725.SZ,20241210,4.27,4.32,4.24,4.26,764678241,3342667530.0
000725.SZ,20241211,4.25,4.31,4.22,4.3,580774532,2542209748.0
000725.SZ,20241212,4.3,4.33,4.27,4.3,510124393,2236989611.0
000725.SZ,20241213,4.29,4.35,4.25,4.27,700493864,3067845668.0
000725.SZ,20241216,4.26,4.29,4.2,4.21,427209163,1852290127.0
000725.SZ,20241217,4.21,4.29,4.21,4.24,462989745,2007493244.0
000725.SZ,20241218,4.24,4.34,4.24,4.29,527338216,2315466105.0
000725.SZ,20241219,4.28,4.34,4.25,4.34,490621906,2158030119.0
000725.SZ,20241220,4.33,4.35,4.29,4.3,419387629,1849366873.0
000725.SZ,20241223,4.32,4.41,4.27,4.27,639410313,2821446702.0
000725.SZ,20241224,4.28,4.32,4.26,4.31,457997109,2008010806.0
000725.SZ,20241225,4.31,4.32,4.25,4.29,317548389,1388520663.0
000725.SZ,20241226,4.28,4.31,4.26,4.29,306241650,1341682813.0
000725.SZ,20241227,4.28,4.3,4.25,4.25,435324047,1899579069.0
000725.SZ,20241230,4.27,4.37,4.25,4.36,800319476,3539711595.0
000725.SZ,20241231,4.35,4.38,4.29,4.3,721383487,3182210971.0
000858.SZ,20240102,122.06,122.06,118.15,118.32,21526999,2947170557.0
000858.SZ,20240103,118.31,118.91,116.37,117.35,16417109,2211980500.0
000858.SZ,20240104,117.35,117.37,114.85,115.12,17876323,2371204452.0
000858.SZ,20240105,114.84,115.97,113.78,114.18,15630369,2062827516.0
000858.SZ,20240108,113.98,114.09,111.36,111.45,21020047,2706248456.0
000858.SZ,20240109,111.45,112.56,110.85,111.2,17483816,2241449420.0
000858.SZ,20240110,111.2,112.74,109.63,112.06,16530411,2118536476.0
000858.SZ,20240111,111.97,113.54,110.68,112.77,15646396,2021717964.0
000858.SZ,20240112,112.13,113.21,111.45,112.02,11920766,1539729131.0
000858.SZ,20240115,111.36,112.57,110.56,111.95,11582558,1485609939.0
000858.SZ,20240116,111.29,112.48,110.43,111.72,12528653,1604334708.0
000858.SZ,20240117,111.01,111.19,108.87,108.87,17675746,2232551975.0
000858.SZ,20240118,108.58,111.48,107.18,111.28,23594821,2961463082.0
000858.SZ,20240119,110.49,112.68,109.73,112.14,22502046,2891090564.0
000858.SZ,20240122,111.71,112.36,109.45,110.49,21340958,2733754456.0
000858.SZ,20240123,110.32,111.47,109.17,110.82,16198659,2053575260.0
000858.SZ,20240124,111.52,111.78,108.98,111.41,16682387,2118643963.0
000858.SZ,20240125,111.36,114.07,110.98,114.07,27342127,3546308960.0
000858.SZ,20240126,113.2,114.83,112.67,113.97,19317416,2522565252.0
000858.SZ,20240129,114.05,116.3,114.05,114.65,21614965,2860907562.0
000858.SZ,20240130,113.8,113.89,111.0,111.11,17071977,2196117733.0
000858.SZ,20240131,110.93,111.95,109.87,109.88,13521837,1717132839.0
000858.SZ,20240201,109.4,111.12,108.87,110.06,13787549,1745356476.0
000858.SZ,20240202,110.06,111.93,106.63,107.73,21086217,2658388905.0
000858.SZ,20240205,107.73,111.26,106.93,110.12,30804209,3864410349.0
000858.SZ,20240206,109.62,115.71,109.36,115.7,32384190,4239033653.0
000858.SZ,20240207,115.81,117.19,114.93,116.47,29067328,3882655957.0
000858.SZ,20240208,117.28,118.43,115.45,116.23,24374798,3267001019.0
000858.SZ,20240219,120.85,120.89,117.26,118.45,28857883,3951748630.0
000858.SZ,20240220,118.32,119.19,115.71,116.91,21181874,2841706724.0
000858.SZ,20240221,116.06,124.13,115.57,122.69,46656281,6492866977.0
000858.SZ,20240222,121.9,123.25,121.31,122.76,18840109,2646660001.0
000858.SZ,20240223,122.71,124.74,121.85,123.29,18439323,2613714172.0
000858.SZ,20240226,123.11,123.79,120.98,121.59,13994707,1961062780.0
000858.SZ,20240227,120.94,121.63,120.11,121.59,15061741,2092382021.0
000858.SZ,20240228,121.59,123.02,120.73,121.39,19619411,2753522611.0
000858.SZ,20240229,120.93,123.83,120.67,123.76,17660377,2496984973.0
000858.SZ,20240301,123.59,125.09,122.57,124.06,15881306,2261267887.0
000858.SZ,20240304,123.12,123.72,121.84,122.09,15430682,2170817658.0
000858.SZ,20240305,121.79,123.44,121.22,123.19,16001586,2251931873.0
000858.SZ,20240306,122.67,122.93,120.51,120.99,17652769,2459134906.0
000858.SZ,20240307,120.99,121.79,120.28,120.28,11219842,1559868152.0
000858.SZ,20240308,120.12,121.05,118.9,120.43,12245203,1687886719.0
000858.SZ,20240311,120.37,122.93,120.08,122.81,19356925,2713055197.0
000858.SZ,20240312,122.82,129.89,122.82,129.03,45079147,6608708733.0
000858.SZ,20240313,128.33,129.79,128.01,128.55,17912970,2649479635.0
000858.SZ,20240314,128.07,131.37,127.95,130.12,22227356,3320434207.0
000858.SZ,20240315,129.63,134.66,129.46,132.67,23887367,3639737823.0
000858.SZ,20240318,132.59,134.56,131.12,133.55,18987361,2908432466.0
000858.SZ,20240319,133.88,138.31,133.58,136.92,33882634,5328394237.0
000858.SZ,20240320,136.49,137.69,135.28,136.55,16160021,2535854998.0
000858.SZ,20240321,136.51,137.93,135.42,136.25,13643008,2139591363.0
000858.SZ,20240322,136.07,136.38,132.56,133.49,20156403,3098381511.0
000858.SZ,20240325,132.69,133.03,130.5,132.0,16167547,2447539788.0
000858.SZ,20240326,132.04,135.18,132.04,135.04,18088963,2787590494.0
000858.SZ,20240327,134.85,135.11,132.77,132.82,12363048,1899180647.0
000858.SZ,20240328,132.82,135.15,132.29,133.2,14419203,2217801275.0
000858.SZ,20240329,133.2,134.87,132.73,133.56,8834848,1358438657.0
000858.SZ,20240401,134.42,137.95,134.42,136.84,17726202,2788229516.0
000858.SZ,20240402,136.59,136.75,134.73,135.29,11410098,1779060167.0
000858.SZ,20240403,135.64,136.57,133.37,134.51,9826116,1522506390.0
000858.SZ,20240408,132.24,132.24,127.94,128.15,27000663,4002147876.0
000858.SZ,20240409,127.46,128.95,126.74,127.44,13039729,1909631397.0
000858.SZ,20240410,127.2,127.46,123.66,124.52,17167574,2464329867.0
000858.SZ,20240411,124.06,124.12,122.32,123.84,15994283,2264027609.0
000858.SZ,20240412,123.54,124.8,121.89,122.23,13407310,1895837989.0
000858.SZ,20240415,122.32,128.75,121.86,128.17,25429182,3701903875.0
000858.SZ,20240416,127.54,128.03,125.55,126.13,13567789,1976125483.0
000858.SZ,20240417,125.74,126.62,125.11,126.41,13702335,1982007044.0
000858.SZ,20240418,125.34,127.7,124.67,126.14,15245280,2213439017.0
000858.SZ,20240419,125.27,125.72,123.53,124.33,12726175,1818608488.0
000858.SZ,20240422,124.33,127.44,124.33,125.77,14036604,2035476601.0
000858.SZ,20240423,125.28,128.32,125.26,127.92,17171181,2507417591.0
000858.SZ,20240424,128.7,129.81,127.02,129.62,14225100,2103883224.0
000858.SZ,20240425,129.2,129.94,127.91,129.62,10077553,1496358808.0
000858.SZ,20240426,129.81,132.85,129.81,132.46,17946172,2719514006.0
000858.SZ,20240429,131.37,136.21,130.51,132.03,27538469,4217464059.0
000858.SZ,20240430,132.5,133.54,130.88,130.88,15529607,2359135140.0
000858.SZ,20240506,133.5,137.75,133.46,134.86,31679595,4940155161.0
000858.SZ,20240507,134.85,136.09,133.59,135.67,14549977,2265634112.0
000858.SZ,20240508,135.71,136.0,134.29,134.85,10107370,1567926317.0
000858.SZ,20240509,134.27,135.45,133.75,134.71,11327468,1750315447.0
000858.SZ,20240510,134.85,135.63,132.94,134.36,10251379,1579216046.0
000858.SZ,20240513,132.94,133.1,130.74,131.46,17262826,2608851173.0
000858.SZ,20240514,131.46,132.11,130.53,131.67,11345529,1713073765.0
000858.SZ,20240515,131.66,132.1,130.94,131.69,7842841,1186554217.0
000858.SZ,20240516,131.98,134.92,131.12,134.03,14937612,2289335629.0
000858.SZ,20240517,133.98,136.1,133.3,136.08,16184342,2509981114.0
000858.SZ,20240520,136.07,139.03,136.07,136.85,19373643,3066112976.0
000858.SZ,20240521,136.42,136.75,134.93,136.19,8803686,1374785553.0
000858.SZ,20240522,135.73,136.08,134.22,134.96,10847769,1682580309.0
000858.SZ,20240523,134.85,135.7,133.39,133.64,8988893,1383814570.0
000858.SZ,20240524,132.99,133.23,131.37,131.5,11203941,1700150955.0
000858.SZ,20240527,131.49,132.5,131.01,131.88,10156716,1535721670.0
000858.SZ,20240528,131.9,132.19,130.5,130.53,10387436,1566391578.0
000858.SZ,20240529,130.55,131.36,129.51,129.82,9102373,1363621240.0
000858.SZ,20240530,129.59,129.59,126.94,127.25,16111129,2363289778.0
000858.SZ,20240531,127.81,128.75,127.54,127.63,13141188,1934209403.0
000858.SZ,20240603,127.8,128.11,125.85,127.01,14092998,2051213338.0
000858.SZ,20240604,127.01,128.85,126.59,128.57,10302099,1514138601.0
000858.SZ,20240605,128.52,128.76,126.72,126.81,11114765,1629419454.0
000858.SZ,20240606,127.03,127.56,125.34,126.07,12730851,1844855886.0
000858.SZ,20240607,126.59,126.63,123.46,123.84,15869270,2266797198.0
000858.SZ,20240611,123.02,123.02,120.06,120.48,20665469,2873140132.0
000858.SZ,20240612,120.15,121.65,119.67,119.98,15452411,2136862849.0
000858.SZ,20240613,119.97,120.15,116.97,117.07,24362284,3301287598.0
000858.SZ,20240614,116.76,118.06,114.92,118.04,28721911,3851661909.0
000858.SZ,20240617,116.93,118.46,114.23,118.09,24627240,3299559711.0
000858.SZ,20240618,117.45,119.49,116.08,116.49,20298120,2740736863.0
000858.SZ,20240619,116.74,117.71,115.56,116.77,13704527,1839596880.0
000858.SZ,20240620,116.67,117.51,115.0,115.02,12619163,1679993029.0
000858.SZ,20240621,114.85,115.59,112.06,113.28,21388642,2781028409.0
000858.SZ,20240624,109.64,115.43,109.27,114.0,23923514,3102546743.0
000858.SZ,20240625,114.67,115.97,113.62,114.42,17715159,2341480948.0
000858.SZ,20240626,113.45,115.0,113.41,114.23,10221249,1341298503.0
000858.SZ,20240627,114.26,114.29,111.99,112.8,12264610,1587676455.0
000858.SZ,20240628,112.22,113.53,110.98,111.4,15689886,2019328026.0
000858.SZ,20240701,111.54,112.37,109.62,111.62,15433459,1964232829.0
000858.SZ,20240702,111.1,115.43,110.93,114.46,24747909,3244049457.0
000858.SZ,20240703,114.46,115.45,113.19,113.97,12427733,1631928152.0
000858.SZ,20240704,113.97,115.19,113.13,113.62,10049528,1315554604.0
000858.SZ,20240705,113.62,114.82,111.48,112.19,13941250,1803448225.0
000858.SZ,20240708,112.22,112.41,108.94,109.54,20745544,2630909852.0
000858.SZ,20240709,109.54,111.54,108.91,110.55,19540437,2475816884.0
000858.SZ,20240710,110.06,111.76,109.78,110.09,15457159,1964272870.0
000858.SZ,20240711,110.93,114.41,110.64,113.52,25779636,3349449291.0
000858.SZ,20240712,114.31,115.31,113.38,114.95,18938660,2401467289.0
000858.SZ,20240715,114.59,116.72,114.22,115.05,11973781,1532479885.0
000858.SZ,20240716,114.35,115.59,113.51,115.03,15468916,1967032428.0
000858.SZ,20240717,114.59,118.19,114.03,117.99,22884217,2960415564.0
000858.SZ,20240718,117.34,120.01,117.33,118.29,18591713,2444968667.0
000858.SZ,20240719,117.91,120.45,117.1,120.39,19024378,2517623683.0
000858.SZ,20240722,120.37,120.87,118.2,118.4,15642939,2065619592.0
000858.SZ,20240723,118.21,118.66,114.41,114.41,19756404,2540829813.0
000858.SZ,20240724,114.22,115.23,113.24,113.75,14364962,1813586525.0
000858.SZ,20240725,112.88,114.29,112.88,113.49,11814145,1485089890.0
000858.SZ,20240726,113.69,114.94,112.88,113.87,11421502,1439101532.0
000858.SZ,20240729,113.69,114.32,111.98,111.98,13936430,1745197564.0
000858.SZ,20240730,110.98,112.16,109.61,111.25,20725348,2538151161.0
000858.SZ,20240731,110.7,115.66,110.68,114.47,26057917,3286415867.0
000858.SZ,20240801,114.48,114.55,111.78,111.89,17473861,2180765965.0
000858.SZ,20240802,110.98,112.36,110.88,111.62,9950169,1231884912.0
000858.SZ,20240805,111.62,115.5,111.53,113.69,24189241,3060405977.0
000858.SZ,20240806,114.16,115.5,113.13,113.6,15347283,1940983189.0
000858.SZ,20240807,113.69,115.12,113.06,114.59,13259071,1678186223.0
000858.SZ,20240808,114.12,117.0,113.65,115.81,20013087,2559755534.0
000858.SZ,20240809,116.85,117.3,115.26,115.57,15846790,2041741166.0
000858.SZ,20240812,115.05,115.94,114.7,115.23,7310797,934639851.0
000858.SZ,20240813,115.13,115.46,112.9,113.33,12451739,1567828597.0
000858.SZ,20240814,113.24,113.32,111.79,112.18,9494697,1181885782.0
000858.SZ,20240815,111.91,113.83,111.76,112.74,11162349,1395432332.0
000858.SZ,20240816,112.34,113.12,111.51,112.8,9726670,1211693479.0
000858.SZ,20240819,112.79,114.59,111.8,111.84,13875921,1732841551.0
000858.SZ,20240820,111.84,111.89,110.68,111.12,10985221,1352259415.0
000858.SZ,20240821,110.8,111.11,110.17,110.26,9710809,1189648677.0
000858.SZ,20240822,110.27,110.43,108.24,109.17,18528513,2234186008.0
000858.SZ,20240823,108.82,110.17,108.75,109.28,8898800,1078393647.0
000858.SZ,20240826,109.16,109.97,106.51,106.58,20401007,2429417311.0
000858.SZ,20240827,106.2,106.65,104.26,106.2,15660884,1831272407.0
000858.SZ,20240828,105.57,105.57,101.89,102.86,24729242,2821002956.0
000858.SZ,20240829,104.22,108.54,103.88,107.18,30025609,3546177236.0
000858.SZ,20240830,106.47,112.48,105.37,111.01,33779842,4114623948.0
000858.SZ,20240902,110.08,110.36,107.38,107.38,17755490,2134586804.0
000858.SZ,20240903,107.45,109.6,107.38,108.57,12798410,1538909786.0
000858.SZ,20240904,107.67,109.0,107.4,107.47,8469238,1011886744.0
000858.SZ,20240905,107.47,108.17,106.92,107.87,8279466,987295999.0
000858.SZ,20240906,107.83,107.83,106.02,106.05,7772198,920196138.0
000858.SZ,20240909,105.48,106.01,104.24,104.87,11158667,1296332675.0
000858.SZ,20240910,104.87,106.71,104.58,105.06,10605023,1237792376.0
000858.SZ,20240911,104.49,105.63,103.77,104.68,7659099,888345207.0
000858.SZ,20240912,104.67,105.01,102.29,102.29,16984847,1945710694.0
000858.SZ,20240913,102.23,102.23,98.53,98.53,31153086,3444726618.0
000858.SZ,20240918,97.68,98.87,96.74,97.17,17763923,1916365125.0
000858.SZ,20240919,97.21,101.84,95.94,100.07,31818095,3511889908.0
000858.SZ,20240920,99.37,100.02,97.99,99.51,19668110,2158043125.0
000858.SZ,20240923,100.08,102.67,99.62,101.32,20371180,2298355085.0
000858.SZ,20240924,103.68,108.64,102.42,108.6,47346927,5559354901.0
000858.SZ,20240925,111.53,113.35,109.97,110.17,41718945,5168860913.0
000858.SZ,20240926,110.17,121.19,110.0,121.19,66453364,8594482228.0
000858.SZ,20240927,127.95,133.31,125.0,133.31,86457718,12438562567.0
000858.SZ,20240930,140.78,146.64,137.78,146.64,98620119,15752197756.0
000858.SZ,20241008,161.3,161.3,140.36,148.02,130680565,22218231045.0
000858.SZ,20241009,144.37,144.37,133.24,133.25,81546859,12409184179.0
000858.SZ,20241010,133.24,140.34,133.24,137.13,60060115,9164464307.0
000858.SZ,20241011,135.35,138.34,133.54,135.03,28515763,4283807928.0
000858.SZ,20241014,136.25,136.25,131.75,135.13,33496575,4986283993.0
000858.SZ,20241015,135.35,135.44,129.93,129.93,32970192,4840842560.0
000858.SZ,20241016,128.13,130.2,126.4,127.81,31227224,4430542144.0
000858.SZ,20241017,128.58,128.96,124.42,124.47,28250755,3957974226.0
000858.SZ,20241018,123.63,131.34,123.04,129.03,44144323,6206988496.0
000858.SZ,20241021,129.92,131.29,127.32,129.04,29576515,4223086215.0
000858.SZ,20241022,128.85,132.14,128.32,131.23,30466330,4419839158.0
000858.SZ,20241023,131.26,134.92,129.93,134.02,35813825,5277833036.0
000858.SZ,20241024,132.46,133.99,131.84,132.15,18642006,2743177644.0
000858.SZ,20241025,131.25,135.23,131.25,133.64,19805485,2926843949.0
000858.SZ,20241028,134.45,138.96,132.34,138.93,43810985,6649586215.0
000858.SZ,20241029,138.93,141.56,135.71,136.07,30315753,4641639292.0
000858.SZ,20241030,134.44,136.53,132.91,134.26,21187042,3158474275.0
000858.SZ,20241031,132.64,134.63,131.21,132.49,26944088,3957475707.0
000858.SZ,20241101,131.49,136.07,131.49,133.47,22719198,3379402018.0
000858.SZ,20241104,133.99,134.63,131.81,134.08,20505185,3030626417.0
000858.SZ,20241105,133.54,138.05,132.46,137.87,32031809,4839032609.0
000858.SZ,20241106,137.84,138.05,134.58,136.48,30206560,4568777903.0
000858.SZ,20241107,135.38,147.1,135.19,146.39,67187150,10602928042.0
000858.SZ,20241108,147.98,148.52,140.76,141.19,56747365,9025428028.0
000858.SZ,20241111,138.37,139.72,136.43,139.7,36601207,5603393228.0
000858.SZ,20241112,139.7,143.47,138.64,139.23,35134682,5496005682.0
000858.SZ,20241113,138.05,140.16,137.75,138.9,19433400,2990077535.0
000858.SZ,20241114,138.15,140.65,137.29,138.5,21792782,3357496178.0
000858.SZ,20241115,138.49,139.07,135.84,136.51,25544269,3894476943.0
000858.SZ,20241118,136.5,138.38,134.44,134.74,20986101,3164795003.0
000858.SZ,20241119,134.95,135.92,131.11,133.95,23341346,3447738671.0
000858.SZ,20241120,133.95,135.7,132.82,134.99,14981538,2233265261.0
000858.SZ,20241121,134.44,135.44,133.69,134.9,11446054,1706377342.0
000858.SZ,20241122,134.81,135.36,130.52,130.74,18942474,2785311385.0
000858.SZ,20241125,131.64,132.8,128.76,129.75,19168995,2771219117.0
000858.SZ,20241126,129.48,132.28,128.58,130.66,17535782,2539251070.0
000858.SZ,20241127,130.63,133.44,129.55,132.69,20024978,2921829640.0
000858.SZ,20241128,130.84,132.6,129.75,129.93,19045387,2760020464.0
000858.SZ,20241129,130.85,135.07,130.29,132.43,28727796,4234632626.0
000858.SZ,20241202,132.76,133.93,131.34,133.0,17976352,2645657931.0
000858.SZ,20241203,133.27,133.34,131.92,132.63,14014314,2059980757.0
000858.SZ,20241204,132.55,132.59,130.63,131.49,14843403,2161996959.0
000858.SZ,20241205,130.84,131.43,130.39,130.86,10321021,1496758491.0
000858.SZ,20241206,130.53,133.54,130.53,132.14,18754575,2745488834.0
000858.SZ,20241209,132.14,133.01,130.97,131.52,14542425,2124782351.0
000858.SZ,20241210,138.05,139.75,134.35,134.54,46326278,7021977460.0
000858.SZ,20241211,133.56,136.7,133.56,134.81,19999335,2993662413.0
000858.SZ,20241212,134.84,137.15,133.97,136.99,25365291,3819524049.0
000858.SZ,20241213,135.66,135.96,133.54,133.58,28422742,4230330396.0
000858.SZ,20241216,133.57,133.58,129.95,130.47,26477262,3846200008.0
000858.SZ,20241217,130.46,132.41,129.57,130.74,15949283,2318651654.0
000858.SZ,20241218,130.84,131.99,130.44,131.02,12067558,1755251345.0
000858.SZ,20241219,130.02,130.3,129.31,129.53,15198227,2184469848.0
000858.SZ,20241220,129.66,130.36,128.78,129.22,17283558,2479372352.0
000858.SZ,20241223,128.42,129.88,128.35,128.53,14260102,2039345026.0
000858.SZ,20241224,128.44,129.48,127.87,129.46,14333019,2045707408.0
000858.SZ,20241225,129.46,129.83,128.65,129.1,9613952,1376290843.0
000858.SZ,20241226,129.14,129.24,127.99,128.57,10476825,1493951272.0
000858.SZ,20241227,128.67,128.99,127.74,128.6,13445059,1912027993.0
000858.SZ,20241230,128.15,129.18,127.23,127.42,16367180,2320655237.0
000858.SZ,20241231,127.42,129.57,126.33,126.36,24521867,3472955734.0
002594.SZ,20240102,64.71,64.71,62.36,62.44,11392832,2212162400.0
002594.SZ,20240103,62.41,62.85,61.82,62.62,8448596,1624093056.0
002594.SZ,20240104,63.0,63.1,61.95,62.58,8987036,1731882120.0
002594.SZ,20240105,62.4,64.03,61.96,62.46,11240188,2187835615.0
002594.SZ,20240108,62.5,62.78,61.32,61.4,8107839,1543893919.0
002594.SZ,20240109,61.92,63.54,61.66,62.52,11218651,2167747852.0
002594.SZ,20240110,62.15,62.67,61.47,61.69,7141623,1364589162.0
002594.SZ,20240111,61.66,64.42,61.21,63.79,15986174,3120354836.0
002594.SZ,20240112,63.79,64.27,63.31,63.5,8702264,1711086656.0
002594.SZ,20240115,63.13,63.87,62.38,63.09,7021993,1364639692.0
002594.SZ,20240116,62.86,63.72,62.59,63.31,8380860,1633959523.0
002594.SZ,20240117,62.96,63.07,60.56,60.56,16079471,3050944390.0
002594.SZ,20240118,60.19,61.92,59.95,61.75,11459165,2150839668.0
002594.SZ,20240119,61.43,62.56,61.17,61.38,8090516,1540978199.0
002594.SZ,20240122,61.23,62.02,59.83,60.09,13223973,2487370789.0
002594.SZ,20240123,59.98,61.26,59.75,60.9,11072562,2072060504.0
002594.SZ,20240124,61.36,61.55,59.68,61.17,9664121,1805379382.0
002594.SZ,20240125,61.23,61.89,60.19,61.56,13076908,2470818453.0
002594.SZ,20240126,61.27,61.27,60.14,60.25,11585464,2160578276.0
002594.SZ,20240129,60.27,60.3,57.81,57.85,14604252,2647388166.0
002594.SZ,20240130,56.11,56.89,55.21,55.75,19076118,3296016841.0
002594.SZ,20240131,55.47,56.82,55.22,55.35,12536841,2155163736.0
002594.SZ,20240201,55.11,56.08,54.58,55.4,11665074,1996429637.0
002594.SZ,20240202,55.42,55.72,52.85,54.14,14799171,2485326236.0
002594.SZ,20240205,53.49,55.69,52.77,54.46,18621620,3122618403.0
002594.SZ,20240206,53.82,57.09,53.65,57.02,17618975,3054635573.0
002594.SZ,20240207,57.46,59.33,57.09,58.21,16009370,2880398922.0
002594.SZ,20240208,58.84,59.44,58.58,58.73,11924566,2168509150.0
002594.SZ,20240219,59.61,60.09,58.95,59.49,11968707,2192419553.0
002594.SZ,20240220,59.49,59.55,57.38,58.04,11335736,2023820072.0
002594.SZ,20240221,57.41,60.17,57.27,59.33,14769298,2700340931.0
002594.SZ,20240222,59.29,59.53,58.76,59.32,8090613,1476863326.0
002594.SZ,20240223,59.32,59.65,58.62,59.22,9117490,1660682308.0
002594.SZ,20240226,60.3,61.64,60.15,60.3,15546076,2912982360.0
002594.SZ,20240227,60.77,62.87,60.69,62.8,20634265,3958101887.0
002594.SZ,20240228,63.54,63.71,60.95,60.95,16829153,3223632043.0
002594.SZ,20240229,60.63,62.12,60.36,61.98,12236289,2323915657.0
002594.SZ,20240301,61.89,62.56,61.2,62.3,12215828,2336111334.0
002594.SZ,20240304,61.6,62.15,60.98,61.36,12686510,2401200046.0
002594.SZ,20240305,60.79,62.13,60.14,61.86,14962443,2826124074.0
002594.SZ,20240306,61.6,62.56,61.27,62.13,10010040,1914828109.0
002594.SZ,20240307,62.26,62.88,61.21,61.24,10132688,1935953172.0
002594.SZ,20240308,61.04,61.64,60.7,60.98,6714968,1263993368.0
002594.SZ,20240311,60.95,64.81,60.95,64.43,27808046,5440726383.0
002594.SZ,20240312,65.16,67.0,64.11,66.49,24502892,4958824423.0
002594.SZ,20240313,67.08,68.21,66.73,66.9,17781291,3691839469.0
002594.SZ,20240314,67.57,69.82,67.57,68.75,21135219,4497086170.0
002594.SZ,20240315,68.08,68.53,66.84,67.91,14662802,3057950744.0
002594.SZ,20240318,68.68,70.75,68.6,70.68,19698182,4250885884.0
002594.SZ,20240319,70.68,71.27,69.5,70.28,14697268,3194716173.0
002594.SZ,20240320,70.35,71.57,70.35,70.83,9680523,2118610339.0
002594.SZ,20240321,70.97,71.26,70.35,70.98,8866709,1938901108.0
002594.SZ,20240322,70.98,70.99,69.77,70.33,10467161,2266796544.0
002594.SZ,20240325,70.14,70.61,69.0,69.44,9910940,2133902462.0
002594.SZ,20240326,70.02,71.32,69.79,71.19,13134627,2864082717.0
002594.SZ,20240327,71.2,71.22,68.08,68.72,18884898,4058093220.0
002594.SZ,20240328,68.03,68.68,66.79,67.55,15943531,3327175192.0
002594.SZ,20240329,67.57,67.6,65.22,65.83,14138108,2873380486.0
002594.SZ,20240401,65.83,69.05,65.83,68.73,14290927,2995671851.0
002594.SZ,20240402,68.73,70.45,68.66,68.84,10758479,2301699126.0
002594.SZ,20240403,68.24,68.44,67.29,67.48,8363379,1747159207.0
002594.SZ,20240408,67.11,69.7,66.91,68.73,12822718,2722271578.0
002594.SZ,20240409,68.65,69.7,68.52,68.75,8420846,1791256313.0
002594.SZ,20240410,69.47,69.54,68.08,68.68,7241085,1537375543.0
002594.SZ,20240411,67.76,69.84,67.37,69.05,10085395,2130444828.0
002594.SZ,20240412,68.73,70.41,67.93,68.27,11491789,2453371047.0
002594.SZ,20240415,68.08,69.86,67.78,69.25,11333192,2418635357.0
002594.SZ,20240416,68.86,69.81,68.31,68.61,9832304,2090984650.0
002594.SZ,20240417,68.4,69.11,67.95,69.05,9692162,2046775945.0
002594.SZ,20240418,68.73,70.19,67.89,69.25,13399756,2863779538.0
002594.SZ,20240419,68.79,69.01,67.13,68.12,11177043,2342512356.0
002594.SZ,20240422,68.08,68.58,67.46,67.61,6469478,1353615963.0
002594.SZ,20240423,67.61,67.61,66.13,66.47,8729994,1793533843.0
002594.SZ,20240424,67.07,67.69,66.3,67.24,7497892,1546983916.0
002594.SZ,20240425,67.24,68.57,66.98,67.74,9468384,1980120669.0
002594.SZ,20240426,68.08,71.24,68.08,71.12,25345378,5502292294.0
002594.SZ,20240429,71.67,73.07,70.91,71.77,19167593,4256800048.0
002594.SZ,20240430,72.46,72.74,70.84,70.84,11555966,2542063035.0
002594.SZ,20240506,72.94,74.04,72.46,73.36,18677887,4226418539.0
002594.SZ,20240507,73.36,75.21,72.63,74.52,14419048,3301364340.0
002594.SZ,20240508,74.09,74.2,73.27,73.34,9113178,2070673827.0
002594.SZ,20240509,73.36,74.04,73.32,73.96,7900735,1796491173.0
002594.SZ,20240510,73.59,74.41,73.27,73.85,8061330,1833828036.0
002594.SZ,20240513,73.01,73.71,72.16,73.17,8248116,1857506899.0
002594.SZ,20240514,73.17,73.78,72.65,72.91,6261853,1414943425.0
002594.SZ,20240515,72.78,73.27,70.77,71.04,9973351,2204936673.0
002594.SZ,20240516,71.05,71.31,70.22,70.77,8715722,1901165662.0
002594.SZ,20240517,71.12,71.43,70.56,71.19,7148666,1564639158.0
002594.SZ,20240520,70.83,72.62,70.83,72.25,7595857,1688534368.0
002594.SZ,20240521,71.96,71.97,70.49,70.93,8408043,1838619341.0
002594.SZ,20240522,70.73,71.16,69.75,70.32,8839817,1916325810.0
002594.SZ,20240523,69.98,69.98,69.22,69.68,6228723,1336506237.0
002594.SZ,20240524,69.37,69.38,67.69,67.85,10287552,2166851356.0
002594.SZ,20240527,68.08,68.34,66.98,67.54,7604551,1580461907.0
002594.SZ,20240528,67.69,67.73,66.97,67.23,6094646,1265112511.0
002594.SZ,20240529,68.4,73.27,68.4,72.85,30264777,6633165251.0
002594.SZ,20240530,72.75,74.36,72.59,73.87,22379181,5070762671.0
002594.SZ,20240531,74.17,75.08,73.59,74.25,18542984,4264400522.0
002594.SZ,20240603,74.24,77.96,73.26,76.87,27014589,6370453739.0
002594.SZ,20240604,76.8,77.74,76.49,77.21,15742916,3744672010.0
002594.SZ,20240605,77.31,79.85,77.31,78.06,19443395,4732184009.0
002594.SZ,20240606,78.19,79.04,76.99,77.32,17586542,4227834836.0
002594.SZ,20240607,77.49,78.26,75.25,76.35,18259398,4304211409.0
002594.SZ,20240611,76.06,79.75,75.97,79.31,22159693,5386278076.0
002594.SZ,20240612,78.33,80.25,78.33,78.75,18733197,4573251957.0
002594.SZ,20240613,80.66,83.73,80.43,82.02,29251928,7423395270.0
002594.SZ,20240614,81.53,82.32,79.92,82.04,20260976,5066109117.0
002594.SZ,20240617,81.7,84.25,81.33,83.38,20864880,5371512600.0
002594.SZ,20240618,82.86,83.41,82.02,82.88,12878911,3282495367.0
002594.SZ,20240619,82.99,83.64,82.15,82.34,9910811,2529117364.0
002594.SZ,20240620,81.98,82.27,80.82,81.53,11619994,2921098948.0
002594.SZ,20240621,81.69,82.46,80.34,81.26,11633012,2916085594.0
002594.SZ,20240624,81.05,82.34,80.33,81.03,10842302,2719528810.0
002594.SZ,20240625,81.7,83.88,81.16,82.35,19574643,4998561939.0
002594.SZ,20240626,81.7,82.44,80.85,81.93,11191676,2814435214.0
002594.SZ,20240627,81.38,81.81,80.54,80.89,8291084,2074271452.0
002594.SZ,20240628,80.4,81.74,80.04,81.13,9298207,2324520984.0
002594.SZ,20240701,81.13,81.65,78.62,80.01,12927332,3179627870.0
002594.SZ,20240702,80.03,80.3,78.79,79.09,10262737,2515326295.0
002594.SZ,20240703,79.09,79.55,77.81,78.81,9657403,2340645421.0
002594.SZ,20240704,79.43,80.95,79.26,79.31,9919634,2449191851.0
002594.SZ,20240705,78.83,79.26,77.44,78.46,9566478,2308221433.0
002594.SZ,20240708,78.39,80.47,78.19,79.42,10537466,2591239967.0
002594.SZ,20240709,79.49,82.19,78.29,81.89,14076255,3506898661.0
002594.SZ,20240710,81.85,83.16,81.53,81.86,10928256,2767913672.0
002594.SZ,20240711,82.67,83.08,81.59,82.04,10035945,2546645362.0
002594.SZ,20240712,82.19,85.59,81.66,85.14,18886322,4891988725.0
002594.SZ,20240715,85.03,85.85,84.49,84.84,9871552,2590423502.0
002594.SZ,20240716,84.49,85.0,83.11,83.96,11758768,3043326156.0
002594.SZ,20240717,83.97,84.78,83.19,84.13,10519171,2726321475.0
002594.SZ,20240718,83.61,85.23,83.48,84.75,9532204,2487441704.0
002594.SZ,20240719,84.45,86.23,84.2,85.61,13621379,3593320512.0
002594.SZ,20240722,85.62,87.56,85.62,86.11,10074955,2688874276.0
002594.SZ,20240723,85.91,86.04,82.02,82.09,16741049,4318283785.0
002594.SZ,20240724,82.09,82.72,80.56,81.04,11864005,2976544505.0
002594.SZ,20240725,81.04,82.52,80.24,81.17,10110420,2533958369.0
002594.SZ,20240726,82.01,83.52,81.42,82.65,12484165,3180235007.0
002594.SZ,20240729,83.01,83.03,80.92,81.75,7885932,1960649994.0
002594.SZ,20240730,81.25,81.32,79.29,80.05,11039339,2686057414.0
002594.SZ,20240731,79.62,81.39,79.61,81.08,8749003,2153504528.0
002594.SZ,20240801,81.39,81.63,78.76,80.14,10363488,2519341335.0
002594.SZ,20240802,79.42,79.5,76.99,77.05,14567117,3453944603.0
002594.SZ,20240805,75.76,77.67,75.48,75.87,10526835,2457359662.0
002594.SZ,20240806,76.79,77.0,74.16,75.13,12910151,2955783827.0
002594.SZ,20240807,75.17,75.81,74.32,75.14,8202186,1882919963.0
002594.SZ,20240808,74.76,74.76,73.35,74.32,8535741,1925911439.0
002594.SZ,20240809,74.84,77.41,74.84,76.01,11985218,2790790707.0
002594.SZ,20240812,76.14,76.63,75.32,75.61,5377901,1242071532.0
002594.SZ,20240813,75.6,75.61,74.17,75.06,6043650,1378452593.0
002594.SZ,20240814,75.02,75.02,73.91,74.36,5632985,1276584732.0
002594.SZ,20240815,74.36,76.3,73.8,75.97,8854538,2039684342.0
002594.SZ,20240816,76.17,78.21,75.64,77.16,10221858,2406276094.0
002594.SZ,20240819,77.2,78.43,77.12,77.26,7018242,1662452527.0
002594.SZ,20240820,77.45,77.89,76.61,77.61,6248422,1475807676.0
002594.SZ,20240821,77.01,79.79,76.14,79.09,11104338,2658947674.0
002594.SZ,20240822,79.09,79.67,78.64,78.93,6248845,1506260848.0
002594.SZ,20240823,78.7,79.19,78.16,78.55,4978602,1193437030.0
002594.SZ,20240826,78.6,79.75,78.01,78.57,5651342,1354660288.0
002594.SZ,20240827,77.95,79.18,77.61,79.02,5092646,1219258016.0
002594.SZ,20240828,78.85,78.85,76.4,77.73,8904070,2098577190.0
002594.SZ,20240829,76.57,77.61,75.91,77.07,7938487,1858678051.0
002594.SZ,20240830,78.1,82.63,77.86,81.85,19302792,4764660206.0
002594.SZ,20240902,81.39,82.18,79.09,79.12,10113482,2468600915.0
002594.SZ,20240903,78.89,81.21,78.89,81.09,10181990,2497421913.0
002594.SZ,20240904,80.57,82.67,80.55,82.15,10060596,2506778351.0
002594.SZ,20240905,82.04,83.88,81.91,82.98,10012555,2542189363.0
002594.SZ,20240906,82.98,83.72,82.51,82.57,7814152,1982245013.0
002594.SZ,20240909,81.87,83.34,81.58,82.04,7085126,1774845244.0
002594.SZ,20240910,82.04,82.96,81.59,81.93,6124829,1533462724.0
002594.SZ,20240911,82.04,85.52,81.86,84.7,15536148,4001603969.0
002594.SZ,20240912,84.9,85.33,84.34,84.34,7725108,1995755899.0
002594.SZ,20240913,84.41,84.67,83.64,83.68,5699161,1458587906.0
002594.SZ,20240918,83.69,85.11,83.39,84.81,6681981,1715595538.0
002594.SZ,20240919,85.0,85.12,83.13,83.8,9104323,2326365319.0
002594.SZ,20240920,83.81,84.93,82.99,84.05,8989793,2292829765.0
002594.SZ,20240923,84.0,84.33,81.65,82.04,10758273,2712153560.0
002594.SZ,20240924,83.03,83.85,80.98,83.45,15649454,3949080823.0
002594.SZ,20240925,84.67,88.5,84.56,86.24,20571034,5442651982.0
002594.SZ,20240926,86.64,88.51,86.02,88.48,14906641,3960197854.0
002594.SZ,20240927,89.59,95.82,89.1,93.2,30992240,8683447958.0
002594.SZ,20240930,95.17,101.1,95.17,100.85,38880459,11640545413.0
002594.SZ,20241008,110.94,110.94,100.85,107.44,44343939,14484952068.0
002594.SZ,20241009,103.38,105.25,98.62,100.32,32591858,10166970123.0
002594.SZ,20241010,101.73,105.67,101.73,103.67,25016687,7918647496.0
002594.SZ,20241011,103.05,103.05,97.14,98.47,18641849,5671879377.0
002594.SZ,20241014,98.78,101.73,98.52,100.75,17236482,5268100405.0
002594.SZ,20241015,100.26,101.2,97.8,97.8,12214902,3695577335.0
002594.SZ,20241016,96.16,97.13,94.19,95.1,15032187,4362898827.0
002594.SZ,20241017,95.99,97.75,94.88,94.98,10245654,3005198740.0
002594.SZ,20241018,94.99,100.49,94.54,98.55,19109242,5674148205.0
002594.SZ,20241021,99.44,101.28,98.75,100.57,15781602,4819617233.0
002594.SZ,20241022,100.09,101.77,99.44,100.01,10373266,3174859559.0
002594.SZ,20241023,100.01,102.33,99.33,101.37,12669500,3911383612.0
002594.SZ,20241024,101.37,101.72,99.3,99.66,9688514,2959755261.0
002594.SZ,20241025,99.77,102.33,99.77,101.12,13982037,4306245201.0
002594.SZ,20241028,101.41,101.41,99.03,100.13,10932439,3323177977.0
002594.SZ,20241029,101.41,101.83,99.7,100.23,11854561,3635542203.0
002594.SZ,20241030,99.44,100.92,98.95,100.27,10844820,3301164357.0
002594.SZ,20241031,99.11,99.43,96.16,96.22,24085199,7127704551.0
002594.SZ,20241101,96.22,97.01,95.2,95.27,14304086,4174457395.0
002594.SZ,20241104,97.14,101.38,97.01,100.74,21731889,6600399617.0
002594.SZ,20241105,99.79,101.22,98.62,100.91,16781998,5124245709.0
002594.SZ,20241106,101.08,101.65,97.8,98.57,18486120,5611830834.0
002594.SZ,20241107,96.82,99.07,96.48,99.04,15067592,4484370172.0
002594.SZ,20241108,100.79,100.92,97.47,97.76,16671572,5022195686.0
002594.SZ,20241111,96.81,98.28,96.02,98.22,18085930,5349190917.0
002594.SZ,20241112,98.5,101.73,98.23,98.72,24655746,7520312654.0
002594.SZ,20241113,97.8,98.89,96.91,98.64,14511579,4326957544.0
002594.SZ,20241114,98.45,98.55,96.48,96.73,12458290,3690676831.0
002594.SZ,20241115,96.74,97.07,94.52,95.17,15323594,4471450174.0
002594.SZ,20241118,95.17,96.14,94.08,94.74,11620595,3364288894.0
002594.SZ,20241119,94.74,95.66,92.55,94.51,13194669,3785016710.0
002594.SZ,20241120,94.52,95.3,93.69,94.67,10601693,3049973686.0
002594.SZ,20241121,94.67,94.68,93.2,93.86,9553294,2727230001.0
002594.SZ,20241122,93.69,93.81,91.23,91.39,12514178,3529973029.0
002594.SZ,20241125,92.87,94.96,92.18,92.87,17453315,4981714332.0
002594.SZ,20241126,91.89,93.86,91.19,92.22,9520645,2686423189.0
002594.SZ,20241127,91.65,92.22,90.9,92.22,11000281,3068303752.0
002594.SZ,20241128,92.28,92.4,89.59,90.11,15858922,4365779157.0
002594.SZ,20241129,89.59,91.19,89.28,90.19,12800460,3516186179.0
002594.SZ,20241202,90.78,93.2,89.95,92.68,15135721,4255616768.0
002594.SZ,20241203,93.46,93.82,92.08,92.76,9144971,2585320048.0
002594.SZ,20241204,92.33,92.98,91.5,91.88,8501286,2389151937.0
002594.SZ,20241205,90.97,91.39,90.02,90.33,9026771,2486214937.0
002594.SZ,20241206,90.47,92.54,89.92,91.98,12469840,3469413045.0
002594.SZ,20241209,91.64,93.2,91.13,92.05,9215268,2590143544.0
002594.SZ,20241210,96.16,96.48,92.55,92.73,17592915,5057037511.0
002594.SZ,20241211,92.56,93.16,91.69,92.14,9335988,2623997226.0
002594.SZ,20241212,91.92,93.1,91.36,93.1,10013395,2816818035.0
002594.SZ,20241213,92.33,92.42,90.71,90.74,11235863,3130392699.0
002594.SZ,20241216,90.75,91.29,89.78,90.23,7149026,1967314539.0
002594.SZ,20241217,90.22,93.75,89.91,92.81,17568207,4960329886.0
002594.SZ,20241218,92.96,94.15,92.75,93.42,8410638,2397657885.0
002594.SZ,20241219,92.48,94.17,91.89,93.66,8672852,2465377214.0
002594.SZ,20241220,93.53,94.1,91.96,91.96,9670711,2730666917.0
002594.SZ,20241223,92.05,92.97,91.52,92.12,8151596,2291275853.0
002594.SZ,20241224,91.85,94.68,91.6,94.65,14228738,4072070488.0
002594.SZ,20241225,94.75,95.62,93.76,93.83,8339103,2405517152.0
002594.SZ,20241226,93.83,94.12,93.2,93.48,6760455,1928774414.0
002594.SZ,20241227,94.12,94.37,92.87,93.95,7868319,2249658028.0
002594.SZ,20241230,94.25,95.01,92.98,93.53,8294681,2371257354.0
002594.SZ,20241231,93.53,94.02,92.55,92.76,7761976,2201903440.0
300750.SZ,20240102,151.02,151.3,145.8,146.0,21403268,3390080350.0
300750.SZ,20240103,145.32,146.42,143.74,145.04,19757581,3070016674.0
300750.SZ,20240104,144.76,144.96,139.43,140.76,27241762,4114835335.0
300750.SZ,20240105,140.56,144.04,139.17,140.48,21035318,3195235677.0
300750.SZ,20240108,139.83,142.8,138.78,139.64,19385405,2926528362.0
300750.SZ,20240109,139.6,140.92,135.68,138.43,23391625,3473507460.0
300750.SZ,20240110,136.79,142.54,136.43,140.25,23211960,3500326620.0
300750.SZ,20240111,140.25,146.87,138.25,144.13,32801802,5037065544.0
300750.SZ,20240112,143.36,146.46,141.69,143.95,25462228,3943737151.0
300750.SZ,20240115,142.9,143.08,139.03,141.22,17272193,2618158008.0
300750.SZ,20240116,141.19,146.39,140.16,146.11,28469270,4421625829.0
300750.SZ,20240117,146.03,146.03,141.27,141.73,21761525,3343384132.0
300750.SZ,20240118,139.73,144.48,139.65,143.93,30778779,4688436698.0
300750.SZ,20240119,143.18,146.98,142.81,144.2,26594908,4136034233.0
300750.SZ,20240122,142.9,148.9,140.25,144.91,40488810,6323471153.0
300750.SZ,20240123,144.29,147.83,142.61,143.28,32305895,5033058276.0
300750.SZ,20240124,143.83,144.29,139.18,142.88,24870983,3776131708.0
300750.SZ,20240125,141.5,144.39,139.37,144.29,29479609,4503492568.0
300750.SZ,20240126,141.97,143.81,139.64,139.64,27181270,4118576148.0
300750.SZ,20240129,139.12,140.37,136.87,136.87,21767500,3235910043.0
300750.SZ,20240130,135.45,137.26,130.7,131.03,32727425,4680164654.0
300750.SZ,20240131,134.99,142.4,134.05,141.12,59522108,8943013793.0
300750.SZ,20240201,141.11,141.99,138.32,138.73,27968844,4197978843.0
300750.SZ,20240202,137.78,138.71,133.47,135.92,30706037,4494266568.0
300750.SZ,20240205,132.76,143.83,132.47,141.45,47132613,7035622773.0
300750.SZ,20240206,140.75,148.26,140.4,147.39,43745926,6828296924.0
300750.SZ,20240207,147.09,148.75,145.23,148.58,36607040,5800699416.0
300750.SZ,20240208,148.48,153.6,147.91,151.59,30901156,5016344779.0
300750.SZ,20240219,153.57,153.57,148.1,149.03,27092476,4355156563.0
300750.SZ,20240220,150.7,150.7,145.29,147.39,22194791,3506366283.0
300750.SZ,20240221,146.51,152.02,145.54,150.07,25782663,4135575624.0
300750.SZ,20240222,150.19,150.19,147.91,149.28,20955947,3349275887.0
300750.SZ,20240223,150.78,150.81,148.07,149.41,21017639,3368773226.0
300750.SZ,20240226,148.23,148.94,144.02,145.23,36066425,5638931754.0
300750.SZ,20240227,144.37,146.95,143.87,146.93,29040075,4531078101.0
300750.SZ,20240228,147.25,152.02,146.17,146.17,40091711,6423464926.0
300750.SZ,20240229,145.32,152.46,144.91,152.22,39167504,6315294345.0
300750.SZ,20240301,152.24,154.13,151.18,153.18,28101336,4610970231.0
300750.SZ,20240304,153.6,156.27,151.53,152.58,26808577,4424835390.0
300750.SZ,20240305,150.9,153.79,148.95,153.28,27549599,4478109344.0
300750.SZ,20240306,151.35,155.37,150.53,152.34,18718009,3067856205.0
300750.SZ,20240307,151.74,152.83,148.47,149.09,22145021,3568786297.0
300750.SZ,20240308,148.14,149.69,145.83,147.09,20217023,3194520067.0
300750.SZ,20240311,153.6,169.1,152.77,168.36,76335047,13248182793.0
300750.SZ,20240312,170.68,173.55,167.57,173.0,62164900,11428112945.0
300750.SZ,20240313,174.08,174.73,170.64,172.39,34795798,6444102062.0
300750.SZ,20240314,172.12,174.98,170.32,171.11,30535646,5642924971.0
300750.SZ,20240315,170.95,171.2,164.64,168.5,35483644,6371462215.0
300750.SZ,20240318,176.91,180.38,175.9,177.77,48305173,9229188790.0
300750.SZ,20240319,177.33,179.02,173.71,174.32,26957576,5099068939.0
300750.SZ,20240320,172.7,178.03,172.7,176.39,21031584,3987105282.0
300750.SZ,20240321,176.42,178.63,176.02,176.02,18756720,3571619014.0
300750.SZ,20240322,176.03,176.79,172.21,173.63,19103367,3563063417.0
300750.SZ,20240325,172.75,175.2,171.74,172.04,16413365,3046334226.0
300750.SZ,20240326,172.87,179.79,172.86,178.55,30247308,5746016496.0
300750.SZ,20240327,178.5,178.51,175.02,175.02,20645704,3910050276.0
300750.SZ,20240328,175.08,178.46,173.71,175.74,20036725,3792149245.0
300750.SZ,20240329,177.16,181.53,176.3,177.03,16464806,3154024729.0
300750.SZ,20240401,180.6,186.03,180.04,184.18,27513187,5438688735.0
300750.SZ,20240402,184.42,187.65,182.93,185.91,24038110,4793028387.0
300750.SZ,20240403,185.2,185.21,181.16,184.0,23489041,4635543376.0
300750.SZ,20240408,184.0,186.09,181.16,181.16,18957556,3729974587.0
300750.SZ,20240409,180.6,182.93,180.33,182.46,14570001,2845224467.0
300750.SZ,20240410,180.7,181.53,178.3,179.43,17961495,3459617611.0
300750.SZ,20240411,177.63,180.88,174.08,179.3,19295444,3681659228.0
300750.SZ,20240412,177.81,178.72,175.02,175.38,16625645,3153751599.0
300750.SZ,20240415,180.46,183.52,178.61,183.52,30548250,5978911501.0
300750.SZ,20240416,185.26,185.53,181.46,183.53,27623120,5450235801.0
300750.SZ,20240417,181.86,183.33,179.69,182.45,21619164,4211033978.0
300750.SZ,20240418,180.57,183.81,178.17,182.05,19539576,3808772287.0
300750.SZ,20240419,179.73,181.03,176.42,177.62,18491472,3533488436.0
300750.SZ,20240422,179.48,181.43,177.41,177.44,15098743,2903026006.0
300750.SZ,20240423,177.93,179.2,174.9,176.81,11113796,2113386950.0
300750.SZ,20240424,178.74,179.11,173.53,176.5,15154279,2865374635.0
300750.SZ,20240425,175.55,180.93,174.91,179.86,16418323,3150746112.0
300750.SZ,20240426,178.75,185.14,178.75,184.77,22488071,4413524313.0
300750.SZ,20240429,186.72,198.75,186.19,195.15,43863035,9119637969.0
300750.SZ,20240430,196.24,196.24,192.66,193.23,21433024,4377316692.0
300750.SZ,20240506,201.24,201.91,196.5,197.41,27099899,5634660010.0
300750.SZ,20240507,196.64,198.27,195.66,197.31,13179902,2722386148.0
300750.SZ,20240508,197.43,198.19,193.72,193.83,12432997,2544539626.0
300750.SZ,20240509,196.73,200.77,196.66,199.71,21921628,4575999960.0
300750.SZ,20240510,199.71,199.71,193.61,194.09,22801132,4675581900.0
300750.SZ,20240513,187.22,192.44,186.47,190.13,22196723,4425713328.0
300750.SZ,20240514,191.32,191.89,188.96,189.81,10694712,2131826964.0
300750.SZ,20240515,189.81,193.93,188.37,188.74,13074116,2607766832.0
300750.SZ,20240516,189.61,192.31,187.87,190.43,15378204,3065019509.0
300750.SZ,20240517,190.46,193.61,189.4,193.61,18496201,3727316446.0
300750.SZ,20240520,197.62,198.27,193.62,194.04,19917171,4083626153.0
300750.SZ,20240521,194.25,195.12,191.28,192.24,12296358,2480343310.0
300750.SZ,20240522,193.13,197.43,192.28,195.41,25236561,5153120079.0
300750.SZ,20240523,194.76,196.14,193.73,194.89,17654820,3602986569.0
300750.SZ,20240524,193.42,195.38,191.5,191.68,15510693,3136303497.0
300750.SZ,20240527,192.47,192.47,189.32,190.76,16361785,3261446783.0
300750.SZ,20240528,190.23,191.3,188.46,188.65,12689994,2517505166.0
300750.SZ,20240529,188.85,193.13,188.65,189.6,13338755,2663801635.0
300750.SZ,20240530,189.84,191.59,188.52,190.13,12784004,2548445865.0
300750.SZ,20240531,190.13,192.9,188.61,188.61,13808627,2760668471.0
300750.SZ,20240603,188.61,194.18,186.74,193.13,18718068,3757638840.0
300750.SZ,20240604,192.65,197.65,191.7,196.44,17714939,3639805938.0
300750.SZ,20240605,196.19,198.24,194.57,194.68,11777390,2420867502.0
300750.SZ,20240606,194.55,197.31,192.85,195.32,12412570,2544442658.0
300750.SZ,20240607,189.66,193.09,178.91,184.26,51686760,10008885041.0
300750.SZ,20240611,180.26,183.12,176.07,180.04,42072363,7876263876.0
300750.SZ,20240612,177.4,180.98,176.9,177.02,20310392,3788449182.0
300750.SZ,20240613,178.35,181.22,176.56,176.62,22117637,4134985666.0
300750.SZ,20240614,177.49,177.95,170.32,176.34,37184949,6764196086.0
300750.SZ,20240617,174.11,181.69,173.88,179.5,26929318,5044213365.0
300750.SZ,20240618,179.45,181.66,178.37,181.53,15652909,2959271843.0
300750.SZ,20240619,181.78,181.88,179.0,180.27,10753975,2030697600.0
300750.SZ,20240620,181.2,181.32,178.45,179.3,11562370,2172637229.0
300750.SZ,20240621,179.6,180.22,173.94,176.6,18467717,3416688220.0
300750.SZ,20240624,174.54,179.3,174.54,178.33,18035490,3363422626.0
300750.SZ,20240625,178.35,180.45,177.02,177.7,14414412,2696969882.0
300750.SZ,20240626,176.56,178.0,174.73,176.93,10481398,1940490559.0
300750.SZ,20240627,176.93,177.28,174.55,176.44,12653577,2330478211.0
300750.SZ,20240628,175.3,176.9,171.52,171.7,19420506,3539244333.0
300750.SZ,20240701,170.9,170.99,163.25,167.93,26995744,4709620521.0
300750.SZ,20240702,165.81,168.78,164.15,167.94,14415586,2529552189.0
300750.SZ,20240703,168.81,174.06,168.16,171.2,16205321,2906473774.0
300750.SZ,20240704,172.05,174.53,170.91,171.29,11834646,2137596470.0
300750.SZ,20240705,172.63,174.05,168.34,169.4,13524707,2414693954.0
300750.SZ,20240708,167.87,170.12,166.92,167.77,10806397,1907514420.0
300750.SZ,20240709,167.19,169.1,165.08,167.64,16443915,2876833390.0
300750.SZ,20240710,166.92,171.76,165.05,165.05,17772919,3123226777.0
300750.SZ,20240711,166.91,170.7,165.47,168.82,20811148,3678618340.0
300750.SZ,20240712,169.62,173.36,168.81,171.48,19550460,3523525354.0
300750.SZ,20240715,170.05,171.63,168.92,169.88,11469696,2041627402.0
300750.SZ,20240716,169.29,172.15,169.1,171.01,15148737,2710034963.0
300750.SZ,20240717,169.77,174.21,167.8,172.52,18590141,3346445646.0
300750.SZ,20240718,171.67,180.35,171.37,179.64,31994401,5957621426.0
300750.SZ,20240719,177.73,181.3,177.59,180.68,20847631,3929663335.0
300750.SZ,20240722,182.35,185.2,178.73,180.75,17168252,3259890053.0
300750.SZ,20240723,180.27,180.93,177.59,177.59,11903104,2233862306.0
300750.SZ,20240724,177.4,180.34,176.82,177.7,14468136,2708577543.0
300750.SZ,20240725,177.51,181.91,176.5,179.05,20595888,3863507112.0
300750.SZ,20240726,181.21,184.36,179.35,180.59,23347718,4436931315.0
300750.SZ,20240729,178.35,178.35,171.67,176.0,21362366,3918833598.0
300750.SZ,20240730,174.75,176.76,174.75,176.34,12725163,2349179518.0
300750.SZ,20240731,173.58,178.24,173.58,177.69,19896940,3690880179.0
300750.SZ,20240801,176.44,177.4,171.77,171.96,23012659,4180640118.0
300750.SZ,20240802,170.72,171.67,168.57,168.9,15493685,2753866402.0
300750.SZ,20240805,166.92,171.86,166.91,168.81,19347659,3451887572.0
300750.SZ,20240806,170.16,171.09,165.68,166.86,15768703,2771240102.0
300750.SZ,20240807,166.86,168.08,165.64,165.64,12753959,2230380711.0
300750.SZ,20240808,165.01,165.57,162.25,164.43,14658996,2520197340.0
300750.SZ,20240809,165.57,166.78,162.14,162.14,15412989,2646422840.0
300750.SZ,20240812,162.68,163.21,159.09,161.18,17415581,2934605438.0
300750.SZ,20240813,161.08,166.87,160.59,165.74,19389256,3336604796.0
300750.SZ,20240814,164.99,166.38,163.78,164.24,9966285,1720375362.0
300750.SZ,20240815,164.04,166.52,163.37,165.38,14481202,2511442939.0
300750.SZ,20240816,165.38,167.86,164.88,165.59,11150641,1941327489.0
300750.SZ,20240819,165.33,169.71,165.14,167.48,14035843,2473581501.0
300750.SZ,20240820,166.91,167.86,165.63,166.78,8436955,1475662466.0
300750.SZ,20240821,165.95,167.3,164.04,165.96,11147405,1940113038.0
300750.SZ,20240822,166.89,171.65,166.24,170.53,19901136,3536569764.0
300750.SZ,20240823,168.81,174.08,168.81,173.39,18415176,3332172741.0
300750.SZ,20240826,173.49,176.02,172.63,175.41,14838749,2717728514.0
300750.SZ,20240827,174.08,175.96,173.11,175.01,9976992,1827225122.0
300750.SZ,20240828,174.35,175.19,172.9,174.36,10639015,1940292275.0
300750.SZ,20240829,170.88,174.53,170.88,172.44,15670242,2839993927.0
300750.SZ,20240830,172.44,177.36,172.44,175.81,25429171,4689604094.0
300750.SZ,20240902,175.91,177.01,172.63,172.81,12985176,2371406002.0
300750.SZ,20240903,171.96,178.06,171.69,177.06,18196886,3362146073.0
300750.SZ,20240904,176.75,180.26,176.3,178.49,16564524,3101382415.0
300750.SZ,20240905,178.49,180.78,177.21,178.16,12318215,2302962597.0
300750.SZ,20240906,177.51,179.78,176.82,177.35,7525486,1404159125.0
300750.SZ,20240909,176.55,179.93,174.98,176.59,13475355,2494206446.0
300750.SZ,20240910,176.92,176.92,172.68,172.78,15424413,2809100737.0
300750.SZ,20240911,173.96,179.09,172.78,177.93,21197083,3938430663.0
300750.SZ,20240912,179.3,183.27,178.07,180.59,20709986,3931885573.0
300750.SZ,20240913,180.14,180.14,175.01,175.01,17287288,3202147524.0
300750.SZ,20240918,175.11,178.76,174.81,177.78,11377895,2116044596.0
300750.SZ,20240919,178.35,179.51,175.11,178.26,15769409,2940618897.0
300750.SZ,20240920,178.26,179.21,175.18,177.02,15502703,2874252972.0
300750.SZ,20240923,178.03,180.67,176.92,179.5,15792549,2968348168.0
300750.SZ,20240924,183.08,189.0,180.15,188.38,35451735,6891613102.0
300750.SZ,20240925,197.8,197.81,193.22,193.71,42010119,8606648806.0
300750.SZ,20240926,194.28,197.74,189.73,196.0,35489346,7190132217.0
300750.SZ,20240927,202.19,220.96,201.88,216.32,70181326,15567947397.0
300750.SZ,20240930,222.24,243.21,221.27,240.24,91361145,22246725636.0
300750.SZ,20241008,282.31,287.56,255.28,285.17,137646479,39285155658.0
300750.SZ,20241009,266.95,267.04,243.21,243.21,108691594,29017394645.0
300750.SZ,20241010,243.21,253.69,238.59,246.07,60833833,15786972611.0
300750.SZ,20241011,243.68,243.68,226.93,230.61,47640230,11668275358.0
300750.SZ,20241014,238.43,241.11,233.61,238.17,46759863,11671765786.0
300750.SZ,20241015,238.26,239.24,229.98,230.06,32765334,8057930637.0
300750.SZ,20241016,227.77,227.77,222.54,223.03,33585954,7918107276.0
300750.SZ,20241017,223.18,227.83,220.18,220.79,26164672,6135626737.0
300750.SZ,20241018,219.36,246.91,218.98,238.33,68013787,16734812130.0
300750.SZ,20241021,247.02,250.39,240.11,241.64,58455809,14972853360.0
300750.SZ,20241022,242.25,242.79,235.82,238.96,27876033,6986426719.0
300750.SZ,20241023,236.35,243.15,235.44,237.77,32154122,8076690148.0
300750.SZ,20241024,238.22,239.87,233.67,234.77,21465790,5297733386.0
300750.SZ,20241025,240.67,252.74,234.91,246.91,57898551,14887536978.0
300750.SZ,20241028,244.28,246.65,241.3,244.39,27601935,7053002720.0
300750.SZ,20241029,244.39,245.79,239.62,240.13,26994808,6853075171.0
300750.SZ,20241030,238.44,240.63,233.19,236.56,27134374,6734690047.0
300750.SZ,20241031,235.57,238.91,232.71,234.6,25500279,6286268643.0
300750.SZ,20241101,235.13,238.27,233.84,234.81,25915829,6418140473.0
300750.SZ,20241104,232.71,242.54,232.71,239.58,24247222,6074686403.0
300750.SZ,20241105,238.99,250.66,237.61,249.3,48482094,12547431635.0
300750.SZ,20241106,247.01,257.04,241.78,244.64,45239310,11840068810.0
300750.SZ,20241107,246.07,250.65,242.14,250.65,33571027,8698717049.0
300750.SZ,20241108,257.19,259.42,245.21,245.59,40294127,10612727375.0
300750.SZ,20241111,240.68,256.55,239.4,255.13,49153907,12844920272.0
300750.SZ,20241112,265.41,272.01,258.45,260.39,74403008,20764206510.0
300750.SZ,20241113,256.56,274.87,254.43,268.96,55773688,15410247018.0
300750.SZ,20241114,269.91,271.81,261.96,262.28,42657210,11940874424.0
300750.SZ,20241115,257.04,262.28,253.28,253.28,35198317,9488134618.0
300750.SZ,20241118,253.28,258.42,248.93,250.76,30650010,8135717136.0
300750.SZ,20241119,249.9,259.42,246.07,256.29,34812887,9211079121.0
300750.SZ,20241120,254.6,257.42,252.36,255.18,22708778,6060616029.0
300750.SZ,20241121,253.37,258.88,251.47,255.85,20550827,5510533650.0
300750.SZ,20241122,255.54,256.56,246.91,247.12,22555101,5937579845.0
300750.SZ,20241125,250.89,254.23,249.1,251.88,26239071,6923644963.0
300750.SZ,20241126,249.47,251.76,243.84,244.85,27360405,7076484876.0
300750.SZ,20241127,242.92,248.83,239.84,247.88,27400665,7033615362.0
300750.SZ,20241128,247.21,247.53,241.78,242.92,22355598,5728197560.0
300750.SZ,20241129,239.61,255.59,239.61,249.16,31366272,8192074188.0
300750.SZ,20241202,246.68,251.36,245.31,250.06,20647547,5387882834.0
300750.SZ,20241203,248.93,250.83,247.02,249.73,17310789,4514867562.0
300750.SZ,20241204,247.97,249.88,245.59,246.99,16181395,4186965339.0
300750.SZ,20241205,246.06,246.97,243.22,244.16,16021580,4109014222.0
300750.SZ,20241206,244.16,257.42,243.21,254.22,33038136,8719647874.0
300750.SZ,20241209,254.64,257.19,252.18,255.65,22456090,6005103479.0
300750.SZ,20241210,268.27,268.48,256.87,258.06,32904436,9035442040.0
300750.SZ,20241211,261.29,266.57,254.19,254.75,19400821,5262014872.0
300750.SZ,20241212,253.6,262.64,252.93,261.05,22329514,6055502392.0
300750.SZ,20241213,257.4,259.42,253.7,254.68,28316441,7596460115.0
300750.SZ,20241216,253.91,257.04,251.84,254.84,16257508,4333963457.0
300750.SZ,20241217,254.65,265.14,254.21,261.14,28214610,7746201691.0
300750.SZ,20241218,261.62,262.02,257.81,258.86,15085329,4110472403.0
300750.SZ,20241219,256.81,259.75,254.29,257.31,15346018,4137668599.0
300750.SZ,20241220,257.31,258.27,248.28,250.56,27740098,7313368051.0
300750.SZ,20241223,250.56,256.44,250.56,251.31,20639383,5482614221.0
300750.SZ,20241224,250.84,255.84,250.84,255.82,19615352,5229920632.0
300750.SZ,20241225,256.47,258.38,253.94,255.58,11413810,3058526680.0
300750.SZ,20241226,254.84,254.84,248.93,249.17,22443762,5898437344.0
300750.SZ,20241227,248.52,251.24,243.21,249.88,24351918,6338085457.0
300750.SZ,20241230,248.81,255.13,248.46,254.25,22631352,6013633017.0
300750.SZ,20241231,252.83,257.99,252.83,253.7,24933952,6694555731.0
600276.SH,20240102,44.67,44.87,43.8,43.91,18260797,815829089.0
600276.SH,20240103,43.66,44.32,43.5,43.68,14669379,651690508.0
600276.SH,20240104,43.75,43.78,42.34,43.24,33904543,1468337357.0
600276.SH,20240105,42.77,42.96,40.76,41.42,49522687,2085701637.0
600276.SH,20240108,41.28,41.28,40.49,40.6,30009112,1238699559.0
600276.SH,20240109,40.63,41.04,40.37,40.68,21174933,872816754.0
600276.SH,20240110,40.68,41.46,40.26,40.98,20674583,860280445.0
600276.SH,20240111,40.99,41.33,40.66,40.96,18971994,788171079.0
600276.SH,20240112,40.69,41.08,40.41,40.59,13270135,548157565.0
600276.SH,20240115,40.19,41.38,40.17,40.99,14893496,617603018.0
600276.SH,20240116,40.68,41.13,40.29,40.89,18657709,768555374.0
600276.SH,20240117,40.61,40.77,39.61,39.61,24023217,974124257.0
600276.SH,20240118,39.5,40.88,38.98,40.77,38716460,1559153303.0
600276.SH,20240119,40.58,41.08,40.3,40.89,31739489,1309874297.0
600276.SH,20240122,40.88,41.18,39.63,40.27,34937745,1430463188.0
600276.SH,20240123,40.17,40.41,39.73,39.8,20886214,846394265.0
600276.SH,20240124,40.17,40.22,39.01,40.01,25004207,1001342749.0
600276.SH,20240125,40.33,40.68,39.55,40.68,27891163,1134726996.0
600276.SH,20240126,40.39,40.7,39.51,39.8,30279954,1230888858.0
600276.SH,20240129,39.75,40.04,38.54,38.76,28105100,1112608513.0
600276.SH,20240130,38.73,38.95,38.08,38.21,23301300,905581935.0
600276.SH,20240131,37.92,38.12,36.75,36.98,38059705,1433750351.0
600276.SH,20240201,36.73,37.58,36.42,36.69,30023460,1122310504.0
600276.SH,20240202,36.75,37.2,35.07,35.5,36047509,1317464771.0
600276.SH,20240205,35.53,37.48,35.34,36.93,49793860,1835851264.0
600276.SH,20240206,36.93,40.54,36.73,40.49,56819466,2272656933.0
600276.SH,20240207,40.73,41.34,40.0,41.32,52212378,2164428888.0
600276.SH,20240208,41.32,42.02,40.66,41.35,37994404,1579175793.0
600276.SH,20240219,41.34,41.64,40.54,41.14,25380790,1055722627.0
600276.SH,20240220,41.21,41.7,40.99,41.34,21225500,889338539.0
600276.SH,20240221,41.36,41.93,40.93,41.69,29901470,1260180460.0
600276.SH,20240222,41.47,42.01,41.43,41.9,17530089,740956883.0
600276.SH,20240223,41.9,42.32,41.36,41.86,22950641,971812476.0
600276.SH,20240226,41.68,41.96,41.28,41.55,18878234,796444428.0
600276.SH,20240227,41.57,41.8,41.32,41.74,17616119,740889142.0
600276.SH,20240228,41.94,43.04,41.7,41.7,34011785,1458671569.0
600276.SH,20240229,41.69,42.31,41.57,42.11,25340841,1076844666.0
600276.SH,20240301,42.11,42.38,41.57,41.99,21563699,916978866.0
600276.SH,20240304,41.99,43.43,41.93,43.35,37656812,1640672142.0
600276.SH,20240305,43.35,44.14,43.07,44.0,37120036,1643167915.0
600276.SH,20240306,44.09,44.34,43.15,43.41,21699075,957081998.0
600276.SH,20240307,43.35,43.41,41.08,41.42,45743263,1939466492.0
600276.SH,20240308,41.41,42.17,41.1,41.37,27741788,1164468604.0
600276.SH,20240311,41.38,43.15,41.16,43.05,32546746,1400965850.0
600276.SH,20240312,43.16,44.72,42.66,44.37,43140972,1921884773.0
600276.SH,20240313,44.44,44.47,43.61,44.12,20749481,924209602.0
600276.SH,20240314,48.39,48.53,45.93,46.44,109924476,5248912838.0
600276.SH,20240315,46.39,47.35,45.92,46.54,43857939,2069250035.0
600276.SH,20240318,46.41,47.08,45.87,46.69,29791431,1406103941.0
600276.SH,20240319,46.32,46.74,45.33,45.39,27204791,1262475448.0
600276.SH,20240320,45.09,45.34,44.74,45.06,22501410,1025230382.0
600276.SH,20240321,45.28,45.49,44.88,45.06,18335706,839240724.0
600276.SH,20240322,44.97,45.42,44.54,45.35,24225421,1103378348.0
600276.SH,20240325,45.37,46.23,45.24,45.58,23261953,1078638224.0
600276.SH,20240326,45.52,46.01,45.3,45.69,20006073,925152065.0
600276.SH,20240327,45.62,45.77,45.13,45.34,15566813,716342078.0
600276.SH,20240328,45.34,46.27,44.97,45.63,21401947,993801318.0
600276.SH,20240329,45.63,45.79,44.83,45.39,18703757,857879351.0
600276.SH,20240401,45.4,46.21,45.4,45.74,20222435,937070924.0
600276.SH,20240402,45.62,46.11,44.5,44.89,22490309,1024255824.0
600276.SH,20240403,44.54,44.76,43.96,44.2,23690420,1064081572.0
600276.SH,20240408,44.24,45.3,44.24,44.83,23626791,1071343514.0
600276.SH,20240409,44.83,45.06,43.73,44.97,21527235,967808523.0
600276.SH,20240410,44.97,45.4,44.34,44.88,16353062,744122727.0
600276.SH,20240411,44.49,44.92,44.07,44.38,18609152,837102507.0
600276.SH,20240412,44.24,44.78,43.4,43.54,22211902,987099187.0
600276.SH,20240415,43.59,44.58,43.54,44.0,22027768,984050772.0
600276.SH,20240416,43.77,44.09,43.24,43.71,23385721,1033684470.0
600276.SH,20240417,43.79,44.22,43.29,43.83,23275600,1032367344.0
600276.SH,20240418,44.63,44.93,41.67,41.82,59016774,2541878651.0
600276.SH,20240419,41.47,41.81,40.7,41.16,38425460,1601560704.0
600276.SH,20240422,41.46,41.64,40.94,41.34,27806445,1163954983.0
600276.SH,20240423,41.34,43.72,41.28,43.52,49366110,2134259117.0
600276.SH,20240424,43.41,43.65,42.86,43.15,21625198,946244236.0
600276.SH,20240425,43.15,44.41,42.96,43.75,24469103,1085861364.0
600276.SH,20240426,43.65,45.22,43.62,45.04,34278262,1550025297.0
600276.SH,20240429,45.03,46.27,44.96,45.6,34279567,1586424722.0
600276.SH,20240430,45.81,46.26,45.28,45.58,19250243,893082210.0
600276.SH,20240506,46.34,47.27,45.84,46.57,32582423,1541063569.0
600276.SH,20240507,46.57,46.91,46.43,46.64,20377965,964125270.0
600276.SH,20240508,46.67,46.78,45.67,45.84,26129151,1217234952.0
600276.SH,20240509,45.93,46.64,45.73,46.31,17514723,820722434.0
600276.SH,20240510,46.2,46.46,45.61,45.9,15577277,725489832.0
600276.SH,20240513,45.9,46.19,44.8,44.96,29175692,1338054191.0
600276.SH,20240514,44.96,45.21,44.65,44.76,19723737,897260526.0
600276.SH,20240515,44.77,44.85,43.97,44.11,15942898,713465989.0
600276.SH,20240516,44.44,44.55,43.84,44.13,23437708,1048106878.0
600276.SH,20240517,44.93,45.65,43.52,44.19,37685549,1689843524.0
600276.SH,20240520,43.73,44.23,42.94,43.26,39702265,1742797464.0
600276.SH,20240521,43.17,43.61,42.88,43.25,24438325,1071157251.0
600276.SH,20240522,43.35,43.41,42.86,42.99,25238847,1100081620.0
600276.SH,20240523,42.99,43.04,42.36,42.51,19702407,848668345.0
600276.SH,20240524,42.51,42.64,41.85,41.91,22038350,939654301.0
600276.SH,20240527,41.8,42.36,41.3,42.17,30678196,1300950779.0
600276.SH,20240528,42.17,43.04,41.83,42.73,37427881,1616893172.0
600276.SH,20240529,42.71,42.94,42.41,42.48,16676675,719612073.0
600276.SH,20240530,42.51,42.7,42.01,42.34,13247711,567669926.0
600276.SH,20240531,42.86,43.04,41.83,41.83,22865066,980570414.0
600276.SH,20240603,41.69,42.16,41.54,41.97,18780093,796785130.0
600276.SH,20240604,41.92,43.45,41.83,43.28,35813890,1561008549.0
600276.SH,20240605,43.28,43.75,43.14,43.37,18067577,794605429.0
600276.SH,20240606,43.1,43.55,42.26,42.37,22586853,978566367.0
600276.SH,20240607,42.45,42.72,41.62,41.62,23854735,1013241225.0
600276.SH,20240611,41.47,42.27,41.18,42.18,25112141,1062111846.0
600276.SH,20240612,42.19,42.19,41.39,41.57,21850545,922178802.0
600276.SH,20240613,41.57,41.9,41.01,41.53,20729821,872698850.0
600276.SH,20240614,41.38,41.57,40.57,41.38,41537240,1729630309.0
600276.SH,20240617,41.08,42.17,41.07,42.0,24198112,1024367306.0
600276.SH,20240618,41.97,42.18,41.29,41.44,20392334,860147200.0
600276.SH,20240619,41.47,41.73,40.69,40.84,20101128,836081465.0
600276.SH,20240620,40.82,41.25,40.07,40.09,24782740,1013799895.0
600276.SH,20240621,40.19,40.29,39.27,39.54,36455301,1459102929.0
600276.SH,20240624,39.5,40.13,39.04,39.79,27893044,1123508475.0
600276.SH,20240625,40.0,40.07,38.96,39.2,22458955,895023382.0
600276.SH,20240626,39.19,39.54,38.94,39.4,22323523,887607506.0
600276.SH,20240627,39.35,39.35,38.51,38.75,27183773,1064851488.0
600276.SH,20240628,38.71,38.95,37.85,37.98,30925798,1199640451.0
600276.SH,20240701,37.97,37.99,37.33,37.79,23890913,911326444.0
600276.SH,20240702,37.75,37.77,36.77,37.0,31084695,1168354207.0
600276.SH,20240703,37.13,39.1,36.86,38.19,55275948,2137708980.0
600276.SH,20240704,38.19,38.96,37.85,37.97,28925733,1120476865.0
600276.SH,20240705,37.98,39.8,37.62,39.53,49365271,1942122106.0
600276.SH,20240708,38.71,39.6,37.96,38.72,49986820,1964892357.0
600276.SH,20240709,38.63,38.99,37.53,38.5,40106262,1555216747.0
600276.SH,20240710,38.51,39.29,38.39,38.92,20232304,796385785.0
600276.SH,20240711,39.29,40.62,38.81,40.09,37980200,1538773534.0
600276.SH,20240712,40.53,41.18,40.17,40.95,31501013,1296947586.0
600276.SH,20240715,40.69,40.97,40.15,40.47,20710958,845176103.0
600276.SH,20240716,40.34,40.75,40.11,40.64,22626802,924082558.0
600276.SH,20240717,40.27,41.83,40.19,41.42,35683208,1488713789.0
600276.SH,20240718,41.48,42.1,41.38,41.83,30712230,1292463143.0
600276.SH,20240719,41.76,42.16,41.61,41.91,27751083,1171709541.0
600276.SH,20240722,41.9,42.77,41.53,42.44,32570326,1391175548.0
600276.SH,20240723,42.4,42.49,41.03,41.09,36689667,1532779454.0
600276.SH,20240724,40.97,41.74,40.89,41.08,20035166,832921592.0
600276.SH,20240725,40.9,41.56,40.39,41.14,21908030,908502721.0
600276.SH,20240726,41.14,41.26,40.28,40.76,22115817,907314994.0
600276.SH,20240729,40.71,41.04,40.08,40.18,23478909,956395685.0
600276.SH,20240730,40.19,40.35,39.32,39.69,24261502,969474036.0
600276.SH,20240731,39.68,42.04,39.4,41.89,39572420,1638778249.0
600276.SH,20240801,41.87,42.18,41.43,41.63,17431319,733290056.0
600276.SH,20240802,41.57,42.65,41.48,41.85,25582033,1085719970.0
600276.SH,20240805,41.85,43.25,41.79,42.32,32358803,1386017875.0
600276.SH,20240806,42.3,42.85,42.16,42.58,21771513,931702111.0
600276.SH,20240807,42.55,42.56,41.79,41.83,17729345,751651391.0
600276.SH,20240808,41.79,42.56,41.79,42.25,16488658,700866800.0
600276.SH,20240809,42.37,42.97,42.09,42.1,15598427,666579242.0
600276.SH,20240812,41.9,43.62,41.89,43.3,33283489,1447922052.0
600276.SH,20240813,43.27,43.27,42.08,42.34,22723619,973012156.0
600276.SH,20240814,42.62,42.65,41.77,42.18,14184673,602382871.0
600276.SH,20240815,42.06,43.32,42.0,42.59,21424655,921651490.0
600276.SH,20240816,42.27,42.88,41.98,42.79,15694280,673487375.0
600276.SH,20240819,42.88,43.27,41.45,41.79,23967290,1014833545.0
600276.SH,20240820,41.78,42.06,41.48,41.93,15398722,648578631.0
600276.SH,20240821,41.87,42.47,41.72,41.99,16231298,688060044.0
600276.SH,20240822,42.88,43.93,42.3,43.59,53734750,2349925931.0
600276.SH,20240823,43.35,43.61,42.75,43.29,27750880,1208090958.0
600276.SH,20240826,43.28,43.47,42.47,42.99,24522498,1059543421.0
600276.SH,20240827,42.94,43.64,42.78,43.27,22626754,987526036.0
600276.SH,20240828,43.27,43.74,42.82,43.17,20622688,896690757.0
600276.SH,20240829,43.15,44.21,42.97,43.98,30523004,1349314946.0
600276.SH,20240830,44.1,44.16,43.59,43.79,31328037,1385994563.0
600276.SH,20240902,43.67,44.03,42.69,43.56,25800846,1128406266.0
600276.SH,20240903,43.54,44.85,43.39,44.24,31647968,1415250776.0
600276.SH,20240904,44.04,44.8,43.83,44.17,21257720,949655587.0
600276.SH,20240905,44.32,44.83,44.08,44.66,19863861,892416905.0
600276.SH,20240906,44.8,44.8,44.06,44.06,14147570,632592170.0
600276.SH,20240909,44.06,45.07,43.96,44.21,25601684,1144505482.0
600276.SH,20240910,44.06,44.36,43.38,44.14,19918291,883221376.0
600276.SH,20240911,43.96,45.2,43.77,45.08,29157838,1318678749.0
600276.SH,20240912,44.88,45.43,44.41,44.63,18657815,842058821.0
600276.SH,20240913,44.61,44.95,44.06,44.43,19509734,874100288.0
600276.SH,20240918,44.55,45.24,44.44,44.78,17507905,791075183.0
600276.SH,20240919,44.79,44.98,44.06,44.66,22401152,1006153997.0
600276.SH,20240920,44.56,44.56,42.0,42.38,66915599,2879104757.0
600276.SH,20240923,42.55,43.15,42.2,42.38,28475378,1219950847.0
600276.SH,20240924,43.05,43.39,41.92,43.33,43328054,1866263527.0
600276.SH,20240925,43.67,44.31,43.36,43.5,43382501,1914228800.0
600276.SH,20240926,43.8,46.14,43.38,46.1,47693338,2151506359.0
600276.SH,20240927,47.02,48.53,46.59,48.31,38062085,1826081206.0
600276.SH,20240930,49.82,52.34,49.62,51.9,101848211,5250200815.0
600276.SH,20241008,57.09,57.09,52.99,55.58,119259493,6658937520.0
600276.SH,20241009,54.58,54.58,51.17,51.29,90059068,4785336951.0
600276.SH,20241010,51.29,53.41,51.29,52.17,58528066,3089484854.0
600276.SH,20241011,51.73,52.17,49.3,49.82,49542203,2518858627.0
600276.SH,20241014,50.11,51.28,49.68,51.0,39584123,2016817820.0
600276.SH,20241015,51.0,52.22,50.16,50.21,36326359,1870266585.0
600276.SH,20241016,49.51,50.29,48.64,48.8,39738816,1971863407.0
600276.SH,20241017,48.92,50.14,48.84,48.84,34296311,1711600383.0
600276.SH,20241018,48.63,51.12,48.39,50.09,53672595,2684309741.0
600276.SH,20241021,50.21,50.68,48.95,50.17,47185178,2372525724.0
600276.SH,20241022,49.83,51.39,49.83,50.37,40107748,2046102371.0
600276.SH,20241023,50.44,50.79,49.76,50.3,37059732,1875687445.0
600276.SH,20241024,50.21,50.21,47.45,48.3,90154712,4383045856.0
600276.SH,20241025,48.23,48.23,46.36,47.63,94314886,4498732087.0
600276.SH,20241028,47.66,48.53,47.6,48.22,57114104,2769377026.0
600276.SH,20241029,48.25,48.54,47.73,47.81,39770039,1926235120.0
600276.SH,20241030,47.81,48.11,46.6,46.84,47548494,2256717311.0
600276.SH,20241031,46.85,47.04,46.2,46.24,45672171,2138254363.0
600276.SH,20241101,46.36,48.13,46.36,47.2,61995884,2962180401.0
600276.SH,20241104,47.73,48.02,46.9,47.62,40659229,1942430936.0
600276.SH,20241105,47.26,48.47,47.14,48.31,51436998,2489509350.0
600276.SH,20241106,48.34,49.3,47.88,48.38,53755839,2624774467.0
600276.SH,20241107,48.23,49.62,48.04,49.62,58406608,2882919254.0
600276.SH,20241108,49.72,50.11,48.77,49.12,65231445,3240522917.0
600276.SH,20241111,48.62,49.29,47.93,49.05,58679168,2870267472.0
600276.SH,20241112,49.05,50.39,48.68,48.91,76735680,3839811096.0
600276.SH,20241113,48.78,49.88,48.69,48.97,40914137,2023644063.0
600276.SH,20241114,48.89,49.32,48.06,48.08,38909169,1911896966.0
600276.SH,20241115,47.9,48.33,47.34,47.34,33086981,1593427809.0
600276.SH,20241118,47.35,47.69,46.64,46.84,30353555,1443825224.0
600276.SH,20241119,46.88,47.43,46.48,47.07,26030458,1230951482.0
600276.SH,20241120,47.08,50.4,47.08,50.07,109567359,5459304163.0
600276.SH,20241121,49.93,50.58,49.37,49.81,48847493,2454422663.0
600276.SH,20241122,49.81,50.24,47.83,47.9,50154761,2463628941.0
600276.SH,20241125,48.23,49.11,47.39,47.39,43612870,2119573829.0
600276.SH,20241126,47.49,49.18,47.43,48.31,39975602,1955082311.0
600276.SH,20241127,48.25,49.82,48.21,49.61,57454360,2862205754.0
600276.SH,20241128,49.57,50.36,48.94,49.32,36721023,1836357877.0
600276.SH,20241129,49.73,50.91,49.42,50.3,69304072,3512492251.0
600276.SH,20241202,50.21,50.4,49.64,50.06,41976462,2116109033.0
600276.SH,20241203,49.97,50.02,49.15,49.25,39619749,1972432253.0
600276.SH,20241204,49.27,49.6,48.87,49.02,25826013,1281641897.0
600276.SH,20241205,49.04,49.07,48.08,48.58,29810775,1454359603.0
600276.SH,20241206,48.58,49.42,48.47,49.15,34229110,1688375559.0
600276.SH,20241209,49.6,49.71,48.69,49.0,27661358,1368832175.0
600276.SH,20241210,49.87,49.87,47.25,47.76,102210021,4957092802.0
600276.SH,20241211,47.49,47.8,47.15,47.78,42944859,2056039720.0
600276.SH,20241212,47.78,47.78,47.24,47.67,36160892,1732532838.0
600276.SH,20241213,47.43,47.54,46.2,46.23,65077716,3061019957.0
600276.SH,20241216,46.22,46.22,45.45,45.72,35407912,1630463503.0
600276.SH,20241217,45.7,46.61,45.55,46.14,31587486,1470663476.0
600276.SH,20241218,46.34,46.69,46.17,46.23,24713965,1154970052.0
600276.SH,20241219,45.83,46.3,45.53,46.18,21746077,1007124998.0
600276.SH,20241220,46.18,46.52,45.87,45.9,26073276,1212975576.0
600276.SH,20241223,45.9,45.98,45.16,45.5,36192684,1660614929.0
600276.SH,20241224,45.5,46.3,45.43,45.98,29399109,1362414863.0
600276.SH,20241225,46.2,46.64,45.98,46.26,31525766,1472155113.0
600276.SH,20241226,46.14,46.18,45.41,45.76,25582787,1178284148.0
600276.SH,20241227,45.85,46.01,45.55,45.75,21250538,980779073.0
600276.SH,20241230,45.94,46.4,45.7,45.79,25626685,1186680455.0
600276.SH,20241231,45.78,46.21,45.5,45.55,38816593,1793640701.0
600519.SH,20240102,1558.48,1561.38,1524.95,1531.22,3215644,5440082548.0
600519.SH,20240103,1527.68,1540.5,1523.34,1539.39,2022929,3411400667.0
600519.SH,20240104,1538.49,1538.49,1511.16,1516.68,2155107,3603970147.0
600519.SH,20240105,1509.71,1525.45,1501.33,1511.55,2024286,3373155627.0
600519.SH,20240108,1509.41,1510.32,1490.33,1493.95,2558620,4211918629.0
600519.SH,20240109,1491.24,1501.52,1485.84,1491.23,2441204,4009826496.0
600519.SH,20240110,1491.32,1508.01,1488.51,1491.69,1735067,2856120718.0
600519.SH,20240111,1490.41,1506.63,1488.56,1496.29,1644055,2708764500.0
600519.SH,20240112,1490.3,1500.56,1489.78,1493.1,1160324,1908084612.0
600519.SH,20240115,1485.78,1503.93,1485.28,1490.32,1785403,2931202343.0
600519.SH,20240116,1488.96,1496.68,1476.64,1489.8,2590314,4236042960.0
600519.SH,20240117,1481.24,1486.22,1433.07,1433.07,5163276,8251735591.0
600519.SH,20240118,1430.35,1465.61,1413.58,1463.85,6043981,9566349514.0
600519.SH,20240119,1462.03,1488.51,1454.77,1485.78,4637843,7550144389.0
600519.SH,20240122,1480.33,1493.05,1471.13,1492.14,4694589,7678297836.0
600519.SH,20240123,1483.06,1490.28,1462.15,1471.24,3483490,5659457115.0
600519.SH,20240124,1480.33,1484.73,1457.21,1477.6,3321635,5373603703.0
600519.SH,20240125,1478.35,1491.23,1473.97,1488.51,3120580,5094508165.0
600519.SH,20240126,1481.56,1494.05,1474.87,1487.89,2695475,4402111882.0
600519.SH,20240129,1490.6,1509.02,1490.59,1499.41,3142068,5189014946.0
600519.SH,20240130,1499.39,1499.39,1463.06,1465.79,3086633,5010784454.0
600519.SH,20240131,1465.79,1472.12,1452.27,1458.44,2964912,4770104891.0
600519.SH,20240201,1458.97,1475.68,1454.88,1463.09,2648515,4272298576.0
600519.SH,20240202,1467.6,1479.22,1436.71,1450.34,3938202,6336691194.0
600519.SH,20240205,1450.34,1488.0,1449.66,1481.24,5313036,8590683071.0
600519.SH,20240206,1481.24,1531.65,1477.69,1523.04,5247204,8740646588.0
600519.SH,20240207,1527.61,1558.11,1509.96,1554.83,5260107,8899606867.0
600519.SH,20240208,1563.03,1567.57,1531.22,1550.3,4675654,7953438044.0
600519.SH,20240219,1579.26,1579.32,1533.94,1540.69,3697744,6288277980.0
600519.SH,20240220,1542.45,1542.45,1505.37,1517.58,3447007,5755266893.0
600519.SH,20240221,1513.97,1573.02,1510.32,1560.9,4615407,7868784082.0
600519.SH,20240222,1551.66,1565.76,1545.33,1561.55,2279361,3905984695.0
600519.SH,20240223,1554.94,1567.0,1544.87,1557.65,2730589,4670706950.0
600519.SH,20240226,1552.12,1552.79,1531.23,1540.29,2731832,4625594409.0
600519.SH,20240227,1529.4,1538.41,1524.85,1535.31,2207985,3718478358.0
600519.SH,20240228,1534.78,1541.73,1521.23,1528.08,3186731,5371312847.0
600519.SH,20240229,1528.08,1541.67,1525.95,1540.3,2475833,4184917973.0
600519.SH,20240301,1535.76,1540.28,1523.66,1531.27,2686796,4526845398.0
600519.SH,20240304,1525.76,1527.57,1517.63,1523.31,2648477,4434401015.0
600519.SH,20240305,1518.32,1542.12,1514.57,1540.39,3623837,6102136582.0
600519.SH,20240306,1536.67,1540.3,1524.87,1527.17,2214248,3725582802.0
600519.SH,20240307,1526.67,1535.58,1524.85,1529.97,2159912,3633934774.0
600519.SH,20240308,1527.18,1532.74,1517.63,1518.88,2215623,3710678522.0
600519.SH,20240311,1522.13,1543.83,1520.47,1539.84,2989509,5048394347.0
600519.SH,20240312,1539.34,1589.47,1536.21,1585.74,5422654,9393309052.0
600519.SH,20240313,1581.17,1588.47,1563.11,1569.79,2649954,4588879420.0
600519.SH,20240314,1562.11,1576.51,1555.3,1559.96,1940479,3338768308.0
600519.SH,20240315,1556.21,1574.29,1555.75,1560.74,1783358,3066692399.0
600519.SH,20240318,1558.48,1562.89,1543.94,1552.35,2605501,4446059130.0
600519.SH,20240319,1547.57,1562.97,1538.59,1552.13,2394753,4093701261.0
600519.SH,20240320,1547.9,1557.28,1545.06,1553.57,1524925,2604543856.0
600519.SH,20240321,1552.21,1562.11,1548.94,1553.03,1659597,2839332631.0
600519.SH,20240322,1549.42,1553.02,1533.94,1546.07,2545614,4318592818.0
600519.SH,20240325,1543.52,1543.73,1527.2,1534.86,2447285,4131446237.0
600519.SH,20240326,1533.45,1556.48,1533.45,1553.29,2806907,4782899074.0
600519.SH,20240327,1549.39,1555.75,1543.94,1545.76,1811258,3087792980.0
600519.SH,20240328,1540.3,1561.2,1538.67,1546.34,2464218,4201857059.0
600519.SH,20240329,1546.34,1554.83,1543.12,1547.48,1345655,2290584417.0
600519.SH,20240401,1553.93,1575.74,1552.75,1564.23,2713137,4679371035.0
600519.SH,20240402,1564.84,1567.56,1549.44,1557.56,2544925,4360973684.0
600519.SH,20240403,1575.74,1580.69,1553.95,1558.58,2904580,5002390042.0
600519.SH,20240408,1540.3,1541.21,1510.86,1514.55,5916659,9907355766.0
600519.SH,20240409,1509.11,1520.31,1507.09,1510.51,2558982,4256226333.0
600519.SH,20240410,1510.56,1513.03,1494.87,1497.57,2763050,4562853880.0
600519.SH,20240411,1490.42,1499.41,1485.5,1497.59,2276624,3736417595.0
600519.SH,20240412,1500.32,1512.13,1484.9,1484.9,2674433,4403968129.0
600519.SH,20240415,1485.79,1522.68,1485.76,1520.29,3581771,5960815532.0
600519.SH,20240416,1513.49,1526.27,1507.59,1517.58,2626623,4382796962.0
600519.SH,20240417,1515.77,1522.31,1506.68,1514.86,2481911,4130322018.0
600519.SH,20240418,1507.6,1529.38,1506.84,1518.29,2656841,4445487745.0
600519.SH,20240419,1509.21,1516.22,1491.49,1496.36,2349992,3879233242.0
600519.SH,20240422,1503.05,1525.65,1494.87,1522.18,2995139,5001684635.0
600519.SH,20240423,1522.13,1540.3,1522.13,1537.83,2497995,4217855279.0
600519.SH,20240424,1542.1,1544.77,1529.7,1539.03,1708643,2893555635.0
600519.SH,20240425,1536.06,1540.85,1528.72,1538.52,1447648,2447183879.0
600519.SH,20240426,1539.39,1557.57,1539.38,1553.42,3099592,5290248521.0
600519.SH,20240429,1542.08,1570.29,1539.23,1548.48,4133223,7072096590.0
600519.SH,20240430,1549.4,1572.0,1549.39,1549.39,3075989,5273902374.0
600519.SH,20240506,1575.72,1603.91,1569.38,1599.55,5990949,10504351712.0
600519.SH,20240507,1604.63,1615.55,1596.35,1608.46,2492452,4413196426.0
600519.SH,20240508,1608.18,1608.43,1595.44,1602.98,1476909,2603293863.0
600519.SH,20240509,1597.55,1603.9,1590.28,1595.74,2238734,3929804849.0
600519.SH,20240510,1600.37,1606.53,1575.73,1580.27,2620661,4571398242.0
600519.SH,20240513,1573.94,1574.53,1545.96,1550.3,3766212,6435415674.0
600519.SH,20240514,1550.29,1556.91,1544.86,1546.65,2127417,3623282672.0
600519.SH,20240515,1547.19,1552.12,1543.57,1544.85,1573876,2677203002.0
600519.SH,20240516,1549.39,1553.83,1535.76,1548.94,2967954,5048754769.0
600519.SH,20240517,1544.86,1559.91,1544.85,1558.48,2892388,4936920634.0
600519.SH,20240520,1561.2,1574.83,1552.22,1553.03,3142572,5401389335.0
600519.SH,20240521,1552.12,1553.69,1543.17,1549.39,1629339,2776847499.0
600519.SH,20240522,1547.57,1553.9,1536.67,1542.77,2028568,3443977767.0
600519.SH,20240523,1544.85,1550.64,1535.83,1537.59,1888497,3199923320.0
600519.SH,20240524,1538.49,1540.3,1523.95,1524.02,2021663,3401323915.0
600519.SH,20240527,1524.85,1533.44,1515.78,1517.69,2509791,4199001866.0
600519.SH,20240528,1517.95,1522.28,1511.22,1512.71,2352087,3923020375.0
600519.SH,20240529,1513.95,1526.67,1513.04,1521.22,1965128,3289173345.0
600519.SH,20240530,1522.13,1522.47,1498.5,1498.5,3220792,5333306808.0
600519.SH,20240531,1499.86,1511.68,1498.0,1498.0,2185665,3617654788.0
600519.SH,20240603,1499.41,1500.25,1485.88,1489.77,3026105,4966041477.0
600519.SH,20240604,1490.78,1504.86,1487.19,1502.32,2084108,3432497303.0
600519.SH,20240605,1501.23,1507.3,1493.08,1493.96,1905557,3140824328.0
600519.SH,20240606,1493.65,1501.22,1486.61,1490.15,2561005,4205700983.0
600519.SH,20240607,1495.89,1495.94,1471.25,1471.4,3352455,5453120695.0
600519.SH,20240611,1456.69,1458.52,1423.99,1425.8,7024676,11090577610.0
600519.SH,20240612,1426.71,1444.89,1426.71,1428.24,3317050,5230086503.0
600519.SH,20240613,1432.86,1432.97,1411.4,1413.09,3618597,5654938942.0
600519.SH,20240614,1413.08,1421.22,1381.69,1413.08,5951416,9177637168.0
600519.SH,20240617,1392.44,1407.42,1373.11,1400.81,4831816,7400883243.0
600519.SH,20240618,1391.17,1412.66,1378.26,1382.64,4125825,6317590943.0
600519.SH,20240619,1389.47,1395.04,1374.73,1392.26,4126153,6167728416.0
600519.SH,20240620,1391.33,1406.18,1389.48,1391.43,2471068,3715924984.0
600519.SH,20240621,1391.8,1395.95,1363.71,1364.44,4331997,6418543742.0
600519.SH,20240624,1319.91,1381.12,1311.57,1369.58,6383993,9319362390.0
600519.SH,20240625,1370.0,1394.11,1370.0,1378.95,4209795,6273919386.0
600519.SH,20240626,1372.78,1392.33,1370.74,1381.34,2956977,4414601922.0
600519.SH,20240627,1383.91,1385.74,1361.65,1382.51,3282178,4857959457.0
600519.SH,20240628,1372.78,1386.22,1357.94,1361.09,3858202,5699649047.0
600519.SH,20240701,1362.47,1366.28,1324.55,1336.03,3216138,4636689118.0
600519.SH,20240702,1329.19,1389.48,1329.19,1382.71,5185298,7659166816.0
600519.SH,20240703,1390.41,1403.4,1380.22,1391.33,3157326,4740808130.0
600519.SH,20240704,1395.97,1402.47,1373.83,1378.11,2437973,3637968895.0
600519.SH,20240705,1371.86,1385.01,1344.96,1347.74,3882938,5664477336.0
600519.SH,20240708,1338.46,1352.16,1316.33,1317.13,3952705,5657951348.0
600519.SH,20240709,1317.13,1349.49,1307.95,1333.85,3362071,4807957927.0
600519.SH,20240710,1334.99,1359.69,1331.04,1333.45,2376322,3436693365.0
600519.SH,20240711,1344.93,1362.58,1335.88,1356.17,2902014,4236960596.0
600519.SH,20240712,1366.3,1378.72,1359.29,1371.69,2338634,3451132648.0
600519.SH,20240715,1363.51,1380.2,1363.51,1368.05,1917626,2835374730.0
600519.SH,20240716,1369.07,1374.64,1358.92,1369.07,2031644,2998367128.0
600519.SH,20240717,1369.17,1394.12,1363.53,1392.63,3431101,5115680654.0
600519.SH,20240718,1390.87,1405.25,1384.41,1389.03,2887039,4337214601.0
600519.SH,20240719,1382.81,1418.4,1376.5,1415.1,3894291,5888615145.0
600519.SH,20240722,1414.55,1419.14,1383.59,1390.41,2854321,4300813310.0
600519.SH,20240723,1390.41,1392.26,1349.59,1349.59,3094396,4555460198.0
600519.SH,20240724,1345.14,1357.66,1331.04,1335.7,2412255,3490200973.0
600519.SH,20240725,1335.7,1343.1,1317.14,1326.86,2834656,4054086714.0
600519.SH,20240726,1326.86,1333.57,1308.69,1319.16,3235379,4594928574.0
600519.SH,20240729,1312.49,1318.98,1296.72,1296.74,3086907,4342610100.0
600519.SH,20240730,1285.57,1289.55,1262.68,1280.02,5177904,7103491566.0
600519.SH,20240731,1273.63,1323.87,1273.63,1318.32,4327232,6098149721.0
600519.SH,20240801,1315.28,1317.13,1284.39,1285.74,3203810,4470988088.0
600519.SH,20240802,1274.09,1295.77,1274.09,1285.08,2192769,3041726372.0
600519.SH,20240805,1288.26,1322.7,1285.15,1307.86,3773607,5327127147.0
600519.SH,20240806,1318.99,1320.84,1293.02,1302.94,2744433,3860735014.0
600519.SH,20240807,1303.68,1318.98,1297.0,1312.96,2062221,2910580747.0
600519.SH,20240808,1308.78,1343.27,1306.93,1327.05,2513082,3592705430.0
600519.SH,20240809,1354.26,1362.58,1332.71,1332.71,3013849,4368705515.0
600519.SH,20240812,1326.41,1338.46,1323.23,1332.06,1363203,1956573438.0
600519.SH,20240813,1329.19,1331.04,1309.72,1319.92,1630843,2317037756.0
600519.SH,20240814,1319.92,1321.68,1309.73,1310.92,1341431,1898377426.0
600519.SH,20240815,1303.24,1331.96,1302.24,1323.52,2303897,3275699572.0
600519.SH,20240816,1323.43,1331.9,1314.36,1327.52,1645470,2349825846.0
600519.SH,20240819,1328.26,1353.19,1321.77,1322.18,2043279,2942106435.0
600519.SH,20240820,1326.31,1326.34,1311.56,1319.65,1859138,2644814344.0
600519.SH,20240821,1317.13,1324.53,1313.13,1314.89,1509165,2144746551.0
600519.SH,20240822,1313.42,1317.13,1298.59,1307.9,1952729,2750868073.0
600519.SH,20240823,1306.0,1320.38,1304.26,1312.48,1532046,2166499202.0
600519.SH,20240826,1314.35,1320.71,1301.5,1309.71,1562841,2207595461.0
600519.SH,20240827,1309.71,1310.64,1299.61,1302.35,1365740,1920770570.0
600519.SH,20240828,1302.35,1304.14,1275.39,1288.38,3166351,4388025875.0
600519.SH,20240829,1280.03,1315.28,1280.03,1310.92,2747161,3864270621.0
600519.SH,20240830,1310.64,1352.44,1303.22,1338.64,3873923,5576118649.0
600519.SH,20240902,1326.41,1333.83,1293.94,1293.94,3413459,4801049927.0
600519.SH,20240903,1296.72,1312.47,1292.1,1307.85,1788760,2516125842.0
600519.SH,20240904,1300.43,1316.38,1298.34,1298.58,1421109,1995221417.0
600519.SH,20240905,1299.04,1305.07,1295.8,1303.11,1450295,2033680839.0
600519.SH,20240906,1303.22,1304.14,1296.72,1296.72,1032104,1445537257.0
600519.SH,20240909,1280.04,1292.74,1270.83,1275.39,2863755,3950086825.0
600519.SH,20240910,1270.77,1292.09,1270.77,1278.17,1980284,2737295644.0
600519.SH,20240911,1275.95,1285.48,1266.11,1280.03,2099577,2892932794.0
600519.SH,20240912,1280.03,1284.67,1238.2,1238.34,4794831,6482445000.0
600519.SH,20240913,1234.58,1235.51,1203.32,1209.65,5600511,7329376917.0
600519.SH,20240918,1205.82,1205.83,1174.9,1175.12,4618531,5895948011.0
600519.SH,20240919,1170.58,1199.22,1155.58,1169.65,5998821,7623739997.0
600519.SH,20240920,1170.11,1181.61,1159.47,1172.36,3998184,5038507835.0
600519.SH,20240923,1176.14,1199.79,1169.33,1170.15,4554969,5809791682.0
600519.SH,20240924,1191.99,1273.54,1173.44,1273.16,10041281,13297277523.0
600519.SH,20240925,1298.63,1323.62,1295.53,1297.65,7395380,10420109655.0
600519.SH,20240926,1298.54,1419.04,1294.87,1418.23,9727806,14269262657.0
600519.SH,20240927,1484.09,1511.18,1451.96,1511.18,8792167,14050260569.0
600519.SH,20240930,1569.43,1632.39,1532.32,1621.37,15729341,26982747037.0
600519.SH,20241008,1771.63,1771.63,1558.46,1598.18,19470947,35114075007.0
600519.SH,20241009,1576.85,1576.85,1474.81,1479.59,12019684,19708432734.0
600519.SH,20241010,1504.74,1547.24,1475.74,1521.19,7460342,12198964035.0
600519.SH,20241011,1498.37,1521.16,1474.81,1488.72,4191471,6764982707.0
600519.SH,20241014,1496.15,1503.23,1466.62,1485.94,4481202,7181350822.0
600519.SH,20241015,1483.16,1485.01,1440.5,1441.65,4357143,6884141869.0
600519.SH,20241016,1429.25,1437.53,1400.61,1412.2,4666440,7140169692.0
600519.SH,20241017,1425.65,1426.27,1385.22,1386.33,3945955,5964778958.0
600519.SH,20241018,1384.84,1454.26,1371.82,1429.36,6861930,10418043492.0
600519.SH,20241021,1429.56,1437.68,1411.01,1418.05,4200790,6433918335.0
600519.SH,20241022,1415.97,1447.16,1413.78,1431.22,3626913,5607826492.0
600519.SH,20241023,1432.25,1462.71,1421.02,1453.94,4008846,6259600035.0
600519.SH,20241024,1447.92,1460.9,1433.08,1439.75,2392280,3723973209.0
600519.SH,20241025,1434.93,1460.71,1434.01,1445.92,2774508,4328271351.0
600519.SH,20241028,1446.99,1451.63,1411.95,1451.63,3912140,6064453668.0
600519.SH,20241029,1446.99,1465.54,1419.16,1420.66,4116578,6368105233.0
600519.SH,20241030,1414.52,1438.82,1413.05,1421.02,3200574,4913175983.0
600519.SH,20241031,1421.16,1428.44,1409.89,1417.11,2995735,4575545180.0
600519.SH,20241101,1410.81,1433.2,1410.63,1422.64,3228392,4954302212.0
600519.SH,20241104,1433.01,1437.71,1417.36,1436.04,2909292,4481761764.0
600519.SH,20241105,1428.44,1463.41,1424.74,1462.75,4564047,7134443464.0
600519.SH,20241106,1460.9,1473.88,1448.12,1457.19,3763143,5916917616.0
600519.SH,20241107,1449.27,1533.71,1449.12,1529.67,7473872,12074951757.0
600519.SH,20241108,1540.57,1546.34,1485.03,1493.34,6077120,9885645907.0
600519.SH,20241111,1474.81,1493.32,1453.66,1482.24,4385365,6957095385.0
600519.SH,20241112,1473.89,1505.42,1459.93,1462.94,4922266,7844798676.0
600519.SH,20241113,1454.41,1471.72,1448.18,1464.15,2912526,4594445032.0
600519.SH,20241114,1456.26,1478.94,1452.23,1459.79,2924814,4617144097.0
600519.SH,20241115,1455.34,1469.06,1440.5,1446.06,3376112,5295326892.0
600519.SH,20241118,1448.84,1461.82,1442.35,1446.06,2709219,4237197499.0
600519.SH,20241119,1451.63,1455.68,1414.52,1430.22,3326643,5138831155.0
600519.SH,20241120,1431.22,1441.39,1420.37,1432.9,2134455,3292675257.0
600519.SH,20241121,1432.03,1436.78,1421.02,1433.2,1826179,2810933515.0
600519.SH,20241122,1429.5,1435.64,1398.59,1398.59,3343611,5107288992.0
600519.SH,20241125,1401.54,1421.02,1388.25,1390.01,3318556,5011136234.0
600519.SH,20241126,1390.01,1408.85,1381.02,1399.68,2574479,3876885984.0
600519.SH,20241127,1399.68,1411.88,1395.97,1409.0,2593417,3927607772.0
600519.SH,20241128,1411.74,1414.51,1393.19,1408.03,2395203,3627662382.0
600519.SH,20241129,1407.1,1442.35,1403.59,1415.21,3608810,5534035503.0
600519.SH,20241202,1415.45,1419.15,1405.34,1414.52,2681954,4086609952.0
600519.SH,20241203,1413.6,1418.14,1406.25,1416.14,2480662,3777197199.0
600519.SH,20241204,1409.95,1413.28,1400.61,1409.89,2392389,3626565544.0
600519.SH,20241205,1401.41,1407.9,1400.61,1401.54,1614147,2441318387.0
600519.SH,20241206,1403.39,1427.42,1398.82,1410.82,3203969,4883148600.0
600519.SH,20241209,1411.76,1418.9,1403.58,1408.77,1979986,3008173586.0
600519.SH,20241210,1456.26,1465.29,1433.24,1434.55,6031210,9421340719.0
600519.SH,20241211,1428.44,1442.35,1420.07,1424.36,2967112,4569662604.0
600519.SH,20241212,1421.04,1452.55,1418.23,1452.37,4193652,6510547810.0
600519.SH,20241213,1437.72,1442.34,1408.85,1408.96,4951197,7580908315.0
600519.SH,20241216,1410.81,1418.23,1401.27,1416.56,3253710,4945298799.0
600519.SH,20241217,1415.44,1455.34,1410.82,1445.13,5417163,8398945449.0
600519.SH,20241218,1445.11,1462.76,1435.02,1457.66,4116226,6440801971.0
600519.SH,20241219,1451.76,1454.34,1438.02,1438.65,2480932,3862602665.0
600519.SH,20241220,1442.42,1452.47,1431.95,1433.82,2815774,4307425535.0
600519.SH,20241223,1434.76,1448.89,1429.11,1438.01,2160269,3300971424.0
600519.SH,20241224,1436.64,1454.54,1433.43,1449.66,2210492,3394160299.0
600519.SH,20241225,1449.65,1449.65,1437.68,1441.35,1712339,2621061878.0
600519.SH,20241226,1445.12,1449.63,1434.76,1439.27,1828651,2798840003.0
600519.SH,20241227,1440.32,1447.01,1431.46,1440.38,2075932,3170191445.0
600519.SH,20241230,1445.09,1454.51,1436.64,1436.64,2512982,3849542646.0
600519.SH,20241231,1437.02,1455.49,1433.83,1435.7,3935445,6033540366.0
601318.SH,20240102,35.4,35.41,34.66,34.67,43759204,1740486365.0
601318.SH,20240103,34.67,34.84,34.42,34.61,36382151,1432855499.0
601318.SH,20240104,34.57,34.77,33.96,34.17,46739190,1819793957.0
601318.SH,20240105,34.12,34.77,33.98,34.23,49920187,1955115160.0
601318.SH,20240108,34.23,34.41,33.57,33.77,51473197,1983794142.0
601318.SH,20240109,33.77,33.89,33.55,33.71,37065054,1423188301.0
601318.SH,20240110,33.63,33.77,33.22,33.22,44130380,1677706638.0
601318.SH,20240111,33.2,33.96,33.04,33.76,38157129,1457906651.0
601318.SH,20240112,33.55,33.85,33.4,33.4,30300054,1158392103.0
601318.SH,20240115,33.26,33.81,33.11,33.53,32702181,1244858223.0
601318.SH,20240116,33.41,34.05,33.33,33.99,54496285,2095337501.0
601318.SH,20240117,33.78,33.86,33.39,33.39,56122897,2148072060.0
601318.SH,20240118,33.16,34.28,33.06,34.25,86154364,3289028901.0
601318.SH,20240119,34.08,34.56,33.86,34.43,63974391,2493579882.0
601318.SH,20240122,34.32,35.07,34.23,34.68,96109863,3800265431.0
601318.SH,20240123,34.43,34.88,33.99,34.57,60172097,2363927977.0
601318.SH,20240124,34.84,35.4,34.33,35.28,76115099,3023883703.0
601318.SH,20240125,35.27,36.46,35.14,36.15,98658100,4022141715.0
601318.SH,20240126,36.06,36.31,35.71,36.23,78592524,3225824129.0
601318.SH,20240129,36.24,36.62,35.94,36.0,62078477,2560232020.0
601318.SH,20240130,35.66,35.93,35.28,35.3,57063998,2308550033.0
601318.SH,20240131,35.27,35.88,35.13,35.58,55701366,2253897731.0
601318.SH,20240201,35.24,35.69,35.07,35.4,49092479,1980485849.0
601318.SH,20240202,35.4,35.62,34.26,35.22,69077347,2771398286.0
601318.SH,20240205,35.14,36.0,34.85,35.73,80614793,3247211014.0
601318.SH,20240206,35.72,36.61,35.46,36.51,82383496,3381216759.0
601318.SH,20240207,36.62,37.24,36.32,37.23,91615404,3833614844.0
601318.SH,20240208,37.35,37.73,37.02,37.58,76874651,3274133649.0
601318.SH,20240219,37.76,37.84,37.35,37.53,54413427,2324847504.0
601318.SH,20240220,37.46,37.48,36.98,37.2,46935509,1989976125.0
601318.SH,20240221,37.05,38.91,36.91,38.29,111249194,4827664819.0
601318.SH,20240222,38.09,38.42,37.95,38.39,51745219,2252345680.0
601318.SH,20240223,38.37,39.04,38.3,38.71,64421676,2843810763.0
601318.SH,20240226,38.56,38.57,37.68,37.73,61619568,2667499279.0
601318.SH,20240227,37.61,37.9,37.51,37.88,42901252,1840668678.0
601318.SH,20240228,37.94,38.02,37.46,37.46,53576359,2298186002.0
601318.SH,20240229,37.35,37.83,37.33,37.68,45509167,1948642485.0
601318.SH,20240301,37.59,37.85,37.35,37.76,44577376,1908395624.0
601318.SH,20240304,37.53,37.61,37.07,37.19,54504680,2311470911.0
601318.SH,20240305,37.02,37.66,36.94,37.6,62343723,2650564784.0
601318.SH,20240306,37.59,37.69,37.3,37.33,34276283,1461294746.0
601318.SH,20240307,37.57,38.17,37.53,37.82,64896213,2796783751.0
601318.SH,20240308,37.66,37.95,37.37,37.66,37249362,1595770014.0
601318.SH,20240311,37.58,38.02,37.54,37.91,43597274,1877454174.0
601318.SH,20240312,37.92,38.54,37.66,38.48,67920636,2952502139.0
601318.SH,20240313,38.41,38.44,37.39,37.45,70121585,3008059272.0
601318.SH,20240314,37.22,37.67,37.16,37.29,36088956,1535653343.0
601318.SH,20240315,37.34,37.45,36.91,37.31,39867511,1687264409.0
601318.SH,20240318,37.2,37.47,36.95,37.38,41626271,1764489757.0
601318.SH,20240319,37.24,37.24,36.72,36.74,48601533,2045765039.0
601318.SH,20240320,36.67,36.94,36.61,36.82,28361668,1187979289.0
601318.SH,20240321,36.97,37.27,36.72,36.92,41497624,1745351699.0
601318.SH,20240322,36.04,36.13,35.35,35.63,112550368,4569953333.0
601318.SH,20240325,35.53,35.91,35.44,35.52,43760130,1775455396.0
601318.SH,20240326,35.52,35.97,35.52,35.93,40299063,1640298640.0
601318.SH,20240327,35.82,36.0,35.71,35.71,34619025,1411539594.0
601318.SH,20240328,35.66,36.24,35.53,35.74,43233995,1764795886.0
601318.SH,20240329,35.82,36.22,35.74,35.85,33512184,1370420387.0
601318.SH,20240401,35.97,36.23,35.93,36.23,38706274,1592229352.0
601318.SH,20240402,36.18,36.42,35.93,36.01,39996585,1644606102.0
601318.SH,20240403,35.93,36.06,35.57,35.57,46364011,1886029049.0
601318.SH,20240408,35.38,35.51,35.03,35.33,43590246,1752003235.0
601318.SH,20240409,35.37,35.56,35.22,35.23,29392411,1183293257.0
601318.SH,20240410,35.13,35.2,34.34,34.43,66754496,2638684983.0
601318.SH,20240411,34.28,34.38,33.91,34.21,44321365,1724750105.0
601318.SH,20240412,34.08,34.25,33.09,33.19,91894711,3503437973.0
601318.SH,20240415,33.19,33.82,33.1,33.69,77160909,2953703722.0
601318.SH,20240416,33.69,34.07,33.45,33.62,62674707,2408876665.0
601318.SH,20240417,33.62,34.27,33.39,34.21,59458529,2294242965.0
601318.SH,20240418,34.17,35.4,34.09,34.87,84608897,3365907681.0
601318.SH,20240419,34.67,34.94,34.43,34.63,36839491,1454378302.0
601318.SH,20240422,34.69,35.21,34.69,34.99,39122784,1559348109.0
601318.SH,20240423,34.98,35.22,34.79,35.04,34265310,1367522866.0
601318.SH,20240424,35.48,35.75,35.23,35.66,54996437,2226040005.0
601318.SH,20240425,35.59,36.26,35.4,36.07,58217790,2379394081.0
601318.SH,20240426,36.0,36.7,35.85,36.48,69427606,2866574033.0
601318.SH,20240429,36.45,37.66,36.37,36.96,87545482,3696991240.0
601318.SH,20240430,36.96,37.03,36.29,36.33,51819014,2157456541.0
601318.SH,20240506,37.9,38.02,37.22,37.32,106274704,4554760127.0
601318.SH,20240507,37.33,37.59,37.06,37.41,52815226,2249302993.0
601318.SH,20240508,37.29,37.51,36.79,36.85,44733513,1888701756.0
601318.SH,20240509,36.78,37.4,36.77,37.19,41354149,1749774912.0
601318.SH,20240510,37.42,37.93,37.35,37.71,67767018,2906706220.0
601318.SH,20240513,37.34,37.67,37.04,37.46,49348084,2098243664.0
601318.SH,20240514,37.46,37.59,37.02,37.16,39651152,1679884656.0
601318.SH,20240515,37.14,37.16,36.59,36.75,39911880,1673203919.0
601318.SH,20240516,37.07,38.11,36.86,37.81,93478227,4003945956.0
601318.SH,20240517,38.3,39.7,38.17,39.7,189457995,8380485073.0
601318.SH,20240520,40.14,40.47,39.38,39.93,147945253,6725122982.0
601318.SH,20240521,39.6,40.0,39.54,39.88,55109616,2495802388.0
601318.SH,20240522,39.79,40.45,39.66,39.88,75133666,3432737426.0
601318.SH,20240523,39.46,39.68,39.11,39.33,63592313,2847873001.0
601318.SH,20240524,39.13,39.35,38.53,38.55,54128575,2397751034.0
601318.SH,20240527,38.65,38.99,38.54,38.74,41274221,1820441915.0
601318.SH,20240528,38.79,38.96,38.31,38.44,42192179,1853750116.0
601318.SH,20240529,38.29,38.76,38.09,38.18,43942250,1921502308.0
601318.SH,20240530,38.04,38.35,37.68,37.9,39395493,1702193305.0
601318.SH,20240531,38.12,38.74,37.82,37.83,48249218,2100267341.0
601318.SH,20240603,37.76,38.17,37.43,37.88,44651840,1922692312.0
601318.SH,20240604,37.84,38.22,37.78,38.01,39817760,1723254939.0
601318.SH,20240605,38.0,38.02,37.72,37.84,36188007,1559233050.0
601318.SH,20240606,37.95,38.06,37.22,37.29,54262089,2313057245.0
601318.SH,20240607,37.42,37.58,36.89,37.0,42139379,1781350640.0
601318.SH,20240611,36.81,37.06,36.54,36.74,42236279,1767535003.0
601318.SH,20240612,36.74,36.8,36.33,36.36,39834017,1653283609.0
601318.SH,20240613,36.52,36.59,36.18,36.28,32042801,1323757554.0
601318.SH,20240614,36.18,37.06,36.15,36.78,63562438,2651178962.0
601318.SH,20240617,36.54,36.74,36.35,36.52,38472747,1600335663.0
601318.SH,20240618,36.63,36.94,36.51,36.65,35345219,1476476518.0
601318.SH,20240619,36.66,37.06,36.55,36.89,41063957,1721419835.0
601318.SH,20240620,36.88,36.95,36.46,36.46,36478992,1525392591.0
601318.SH,20240621,36.44,36.73,36.29,36.6,38505452,1600502330.0
601318.SH,20240624,36.48,36.94,36.21,36.72,44592791,1856756644.0
601318.SH,20240625,36.71,37.0,36.4,36.5,38283591,1598362559.0
601318.SH,20240626,36.44,36.73,36.27,36.58,26506064,1100552481.0
601318.SH,20240627,36.46,36.58,36.23,36.38,36797498,1525115715.0
601318.SH,20240628,36.32,36.8,36.24,36.33,39934516,1661152478.0
601318.SH,20240701,36.37,36.6,35.7,36.56,47419754,1949715777.0
601318.SH,20240702,36.37,37.55,36.36,37.04,56885747,2404908551.0
601318.SH,20240703,37.05,37.27,36.81,37.13,29574788,1248330595.0
601318.SH,20240704,37.12,37.38,36.86,36.87,32485145,1369924729.0
601318.SH,20240705,36.85,37.12,36.0,36.12,52671766,2180477666.0
601318.SH,20240708,35.93,36.33,35.73,35.87,33954844,1388961719.0
601318.SH,20240709,35.86,36.53,35.54,36.47,38140275,1565430222.0
601318.SH,20240710,36.07,36.83,36.07,36.77,36127314,1507496307.0
601318.SH,20240711,37.13,37.32,36.81,36.84,37556984,1582861429.0
601318.SH,20240712,36.89,37.65,36.89,37.49,49569726,2110496361.0
601318.SH,20240715,37.42,37.75,37.31,37.36,35484792,1513495679.0
601318.SH,20240716,36.89,36.99,35.73,36.18,93998504,3870524307.0
601318.SH,20240717,36.23,37.26,36.23,37.15,77840627,3268159911.0
601318.SH,20240718,37.06,37.45,36.86,37.22,51362418,2175992699.0
601318.SH,20240719,37.22,37.9,37.07,37.8,61077539,2610070265.0
601318.SH,20240722,37.86,37.96,37.45,37.77,44056204,1890312953.0
601318.SH,20240723,37.74,37.97,37.58,37.59,45978967,1978447935.0
601318.SH,20240724,37.59,37.8,37.2,37.38,38609543,1644933090.0
601318.SH,20240725,37.32,37.61,37.09,37.39,44047429,1874557285.0
601318.SH,20240726,37.45,37.95,37.09,37.4,51037796,2099407784.0
601318.SH,20240729,37.39,37.89,37.32,37.61,30564969,1264082990.0
601318.SH,20240730,37.57,37.73,37.37,37.62,29692239,1224450781.0
601318.SH,20240731,37.63,38.77,37.54,38.74,58087783,2450880160.0
601318.SH,20240801,38.61,39.0,38.46,38.69,32514038,1383461987.0
601318.SH,20240802,38.44,38.6,37.95,38.06,33137257,1392534224.0
601318.SH,20240805,37.95,38.72,37.94,38.23,43050914,1813319979.0
601318.SH,20240806,38.56,38.66,36.99,37.22,63434323,2614553598.0
601318.SH,20240807,37.24,37.42,37.02,37.04,29978095,1225524961.0
601318.SH,20240808,37.09,37.45,36.78,37.15,23643241,964682591.0
601318.SH,20240809,37.31,37.53,36.96,36.96,26178496,1069136979.0
601318.SH,20240812,36.89,37.07,36.69,36.97,15219904,617325022.0
601318.SH,20240813,36.97,37.14,36.87,37.12,16650599,677002646.0
601318.SH,20240814,37.14,37.26,36.85,36.85,20650428,838935306.0
601318.SH,20240815,36.87,37.93,36.61,37.61,53416705,2202784576.0
601318.SH,20240816,37.61,38.0,37.54,37.87,26957357,1119345318.0
601318.SH,20240819,37.87,38.38,37.85,38.29,28791203,1209599526.0
601318.SH,20240820,38.36,38.38,37.95,38.15,29376286,1230963341.0
601318.SH,20240821,38.21,38.3,37.69,38.2,23617412,989256297.0
601318.SH,20240822,38.19,38.45,37.9,37.96,30497656,1275507522.0
601318.SH,20240823,38.26,39.55,38.16,39.45,99423443,4271882126.0
601318.SH,20240826,39.55,39.72,39.18,39.45,47580560,2059591116.0
601318.SH,20240827,39.39,39.64,39.1,39.27,33964677,1467947189.0
601318.SH,20240828,39.35,39.48,39.07,39.31,34839474,1502990666.0
601318.SH,20240829,39.3,39.65,38.64,38.79,47694548,2045077629.0
601318.SH,20240830,38.87,40.53,38.87,40.07,110000601,4830979921.0
601318.SH,20240902,39.94,40.2,39.55,39.55,51317124,2243546045.0
601318.SH,20240903,39.69,39.7,39.21,39.33,36821975,1593821144.0
601318.SH,20240904,39.34,39.72,38.64,38.81,40994906,1759519239.0
601318.SH,20240905,38.8,39.6,38.78,39.52,46651108,2014905549.0
601318.SH,20240906,39.52,40.03,39.28,39.36,39025775,1699389017.0
601318.SH,20240909,39.21,39.36,38.73,38.84,40172454,1720343646.0
601318.SH,20240910,38.91,39.18,38.49,38.83,29365589,1251507269.0
601318.SH,20240911,38.81,39.06,38.56,38.7,27407424,1167516315.0
601318.SH,20240912,38.89,38.93,38.06,38.77,41083853,1739432819.0
601318.SH,20240913,38.74,39.5,38.68,39.04,34439648,1484769941.0
601318.SH,20240918,39.14,39.86,39.07,39.77,43263824,1883001068.0
601318.SH,20240919,39.79,40.14,39.43,40.07,46650032,2046412473.0
601318.SH,20240920,40.03,40.31,39.81,40.18,53292373,2347055961.0
601318.SH,20240923,40.16,40.41,39.92,40.13,29524048,1302373909.0
601318.SH,20240924,40.59,42.32,40.47,42.32,120899198,5518430623.0
601318.SH,20240925,43.32,43.87,43.0,43.1,138298492,6594953851.0
601318.SH,20240926,43.31,45.91,42.96,45.89,163765259,8023977092.0
601318.SH,20240927,47.24,47.47,46.14,47.24,139487740,7197182304.0
601318.SH,20240930,49.58,51.96,49.51,51.96,262125405,14733344153.0
601318.SH,20241008,57.16,57.16,53.79,56.18,396104253,24440888195.0
601318.SH,20241009,54.61,54.61,50.65,50.69,285509557,16431475144.0
601318.SH,20241010,51.54,55.15,51.25,53.24,222672969,12981664827.0
601318.SH,20241011,52.61,54.48,51.91,52.37,131212381,7645831882.0
601318.SH,20241014,53.14,53.92,52.38,53.4,117773767,6884203095.0
601318.SH,20241015,53.32,53.95,51.96,52.05,102790028,5988622377.0
601318.SH,20241016,51.68,52.63,51.52,52.22,85501630,4894961074.0
601318.SH,20241017,52.7,53.52,51.85,51.88,78357477,4529673855.0
601318.SH,20241018,51.88,53.98,50.65,52.9,149466236,8417973824.0
601318.SH,20241021,53.1,53.16,51.97,52.64,87531258,4966469517.0
601318.SH,20241022,52.55,53.84,52.34,52.79,84601119,4835443520.0
601318.SH,20241023,52.92,54.86,52.64,53.94,119192651,6939592004.0
601318.SH,20241024,53.56,54.1,53.31,53.75,51273005,2976336249.0
601318.SH,20241025,53.66,54.1,53.25,53.38,53944541,3122695352.0
601318.SH,20241028,53.45,53.71,52.8,53.19,57880987,3325855084.0
601318.SH,20241029,53.19,54.08,53.14,53.31,62010028,3591688618.0
601318.SH,20241030,53.18,53.57,51.51,51.78,90747926,5123310917.0
601318.SH,20241031,51.77,52.55,51.25,51.73,75763009,4236922732.0
601318.SH,20241101,51.94,52.73,51.8,51.94,65013925,3676222858.0
601318.SH,20241104,51.96,52.7,51.74,52.7,53073970,2993285083.0
601318.SH,20241105,52.56,54.47,52.06,54.35,120114422,6976690582.0
601318.SH,20241106,54.48,54.63,52.68,53.18,126251828,7311429314.0
601318.SH,20241107,52.73,56.43,52.64,56.28,186426320,11055869272.0
601318.SH,20241108,56.62,56.88,54.59,54.69,132299025,7922272847.0
601318.SH,20241111,53.78,54.14,53.21,54.03,91716007,5320862805.0
601318.SH,20241112,54.03,54.55,52.62,52.74,96289275,5557347301.0
601318.SH,20241113,52.45,53.19,52.38,52.91,61824493,3532487702.0
601318.SH,20241114,52.91,53.74,52.64,52.73,66323183,3815907812.0
601318.SH,20241115,52.64,53.17,51.62,51.62,78059714,4413936480.0
601318.SH,20241118,51.9,52.88,51.23,51.58,68429646,3851412802.0
601318.SH,20241119,51.8,51.92,50.97,51.44,52819300,2934893274.0
601318.SH,20241120,51.45,51.62,51.06,51.31,46997145,2605295420.0
601318.SH,20241121,51.33,51.5,50.99,51.33,41024489,2269302644.0
601318.SH,20241122,51.31,51.31,49.03,49.06,100680813,5439029187.0
601318.SH,20241125,49.03,49.26,48.23,48.63,70269826,3704922205.0
601318.SH,20241126,48.57,49.28,48.45,49.08,40761823,2156122895.0
601318.SH,20241127,49.09,49.58,48.84,49.54,44446366,2366194483.0
601318.SH,20241128,49.56,49.95,48.87,49.19,42550213,2268917373.0
601318.SH,20241129,49.17,50.34,49.07,49.26,56357055,3018761403.0
601318.SH,20241202,49.21,50.17,49.2,49.96,44960590,2420512864.0
601318.SH,20241203,49.82,50.52,49.54,50.35,47005763,2544434591.0
601318.SH,20241204,50.12,50.27,49.69,49.89,38188736,2059281654.0
601318.SH,20241205,49.67,50.0,49.48,49.66,29588882,1589274038.0
601318.SH,20241206,49.76,51.52,49.75,50.99,78983681,4338822602.0
601318.SH,20241209,50.83,51.16,50.37,50.72,51046345,2801288362.0
601318.SH,20241210,52.64,52.9,51.34,51.45,100098350,5649587635.0
601318.SH,20241211,51.44,51.74,50.77,50.79,50478424,2790301410.0
601318.SH,20241212,50.84,51.67,50.6,51.42,52633585,2909611957.0
601318.SH,20241213,51.06,51.07,49.66,49.71,88709588,4798656729.0
601318.SH,20241216,49.69,49.95,48.96,49.14,65859184,3512263334.0
601318.SH,20241217,48.94,49.46,48.79,49.04,53769372,2853899355.0
601318.SH,20241218,49.34,49.66,48.92,48.97,50446143,2683105293.0
601318.SH,20241219,48.66,48.97,48.43,48.93,40549628,2136614147.0
601318.SH,20241220,48.93,49.24,48.59,48.68,46196543,2437090038.0
601318.SH,20241223,48.68,49.47,48.68,49.12,55550547,2954746191.0
601318.SH,20241224,49.1,49.8,49.03,49.75,49560916,2654767330.0
601318.SH,20241225,49.78,50.24,49.56,49.86,41739896,2249897990.0
601318.SH,20241226,49.85,49.9,49.36,49.45,37922170,2031175519.0
601318.SH,20241227,49.45,49.72,48.76,49.28,53775719,2862446917.0
601318.SH,20241230,49.23,49.86,49.22,49.86,53343783,2865180504.0
601318.SH,20241231,49.76,49.97,48.71,48.71,67711790,3607846474.0
601899.SH,20240102,11.6,11.84,11.58,11.68,113316938,1418264969.0
601899.SH,20240103,11.62,11.77,11.58,11.72,76049148,951970406.0
601899.SH,20240104,11.62,11.71,11.58,11.7,99822517,1242764335.0
601899.SH,20240105,11.65,11.86,11.57,11.66,109752652,1377692738.0
601899.SH,20240108,11.65,11.72,11.47,11.5,91581562,1131732817.0
601899.SH,20240109,11.51,11.64,11.48,11.62,94179782,1166609534.0
601899.SH,20240110,11.53,11.63,11.48,11.48,63262795,780721482.0
601899.SH,20240111,11.51,11.52,11.3,11.35,96780156,1179075752.0
601899.SH,20240112,11.29,11.46,11.27,11.41,76433877,930414485.0
601899.SH,20240115,11.38,11.46,11.27,11.33,49632551,603042874.0
601899.SH,20240116,11.28,11.47,11.28,11.4,80436459,978561026.0
601899.SH,20240117,11.3,11.34,10.94,10.94,140735055,1671092719.0
601899.SH,20240118,10.9,11.16,10.66,11.07,166379121,1935251850.0
601899.SH,20240119,11.01,11.19,10.89,11.15,123795036,1468955722.0
601899.SH,20240122,11.11,11.16,10.8,10.92,145354976,1710510980.0
601899.SH,20240123,10.86,10.92,10.48,10.79,169491744,1940940579.0
601899.SH,20240124,10.86,10.99,10.69,10.96,105940754,1229718058.0
601899.SH,20240125,11.05,11.27,11.02,11.27,127482289,1522375802.0
601899.SH,20240126,11.31,11.48,11.2,11.43,124521021,1516091358.0
601899.SH,20240129,11.44,11.55,11.41,11.44,84753628,1040554942.0
601899.SH,20240130,11.39,11.5,11.28,11.39,106355676,1296846927.0
601899.SH,20240131,11.33,11.44,11.25,11.26,109897920,1333498982.0
601899.SH,20240201,11.22,11.47,11.13,11.34,108409521,1313469936.0
601899.SH,20240202,11.41,11.54,11.11,11.25,139010279,1693724843.0
601899.SH,20240205,11.29,11.48,11.18,11.37,171075963,2074493835.0
601899.SH,20240206,11.34,11.58,11.26,11.4,202093771,2464896610.0
601899.SH,20240207,11.4,11.5,11.26,11.45,215806989,2628884527.0
601899.SH,20240208,11.44,11.71,11.43,11.69,191109271,2365281337.0
601899.SH,20240219,11.7,12.02,11.59,12.01,188654642,2393625732.0
601899.SH,20240220,11.97,12.32,11.89,12.25,137078328,1790347206.0
601899.SH,20240221,12.21,12.43,12.16,12.2,153987034,2029310533.0
601899.SH,20240222,12.24,12.42,12.17,12.4,112739991,1484391737.0
601899.SH,20240223,12.39,12.79,12.34,12.62,137726096,1857150077.0
601899.SH,20240226,12.63,12.73,12.24,12.3,146004515,1940973998.0
601899.SH,20240227,12.21,12.41,12.16,12.3,136491393,1791457395.0
601899.SH,20240228,12.3,12.31,12.13,12.16,109335806,1429626558.0
601899.SH,20240229,12.17,12.34,12.12,12.26,108124101,1410959457.0
601899.SH,20240301,12.21,12.49,12.16,12.39,117846665,1552005622.0
601899.SH,20240304,12.59,12.73,12.49,12.59,131400110,1769842794.0
601899.SH,20240305,12.72,13.06,12.71,12.95,196087650,2710355633.0
601899.SH,20240306,12.95,13.43,12.94,13.28,201787689,2854602325.0
601899.SH,20240307,13.45,13.99,13.34,13.77,237493563,3490560849.0
601899.SH,20240308,13.93,13.96,13.59,13.92,169234965,2495033636.0
601899.SH,20240311,14.03,14.07,13.67,13.89,153666334,2272630522.0
601899.SH,20240312,13.79,13.86,13.35,13.43,204275442,2953248652.0
601899.SH,20240313,13.32,13.8,13.26,13.74,145451986,2110554047.0
601899.SH,20240314,14.26,14.75,14.26,14.39,271917472,4216534925.0
601899.SH,20240315,14.32,15.07,14.31,14.92,223316308,3509902917.0
601899.SH,20240318,14.93,15.11,14.57,14.75,230329695,3633999462.0
601899.SH,20240319,14.68,14.89,14.49,14.52,161899947,2543787075.0
601899.SH,20240320,14.35,14.6,14.21,14.5,177110050,2723258799.0
601899.SH,20240321,14.88,15.08,14.59,14.6,199623701,3151230650.0
601899.SH,20240322,14.39,14.51,14.18,14.39,177112121,2717488083.0
601899.SH,20240325,14.38,14.83,14.31,14.72,164527564,2580594446.0
601899.SH,20240326,14.75,14.79,14.33,14.52,132797874,2057986264.0
601899.SH,20240327,14.46,14.86,14.44,14.7,156142161,2459520729.0
601899.SH,20240328,14.63,15.13,14.52,15.05,188868882,3013540981.0
601899.SH,20240329,15.33,15.77,15.24,15.73,209564474,3491214365.0
601899.SH,20240401,16.12,16.26,15.61,15.77,207614091,3527137250.0
601899.SH,20240402,15.85,16.04,15.67,15.85,133763881,2265617998.0
601899.SH,20240403,16.07,16.5,15.88,16.37,238086948,4121388638.0
601899.SH,20240408,16.5,16.99,16.11,16.18,312711908,5555680584.0
601899.SH,20240409,16.1,16.27,15.83,15.9,201583611,3447848187.0
601899.SH,20240410,16.03,16.97,16.03,16.82,264269860,4685400744.0
601899.SH,20240411,16.38,17.32,16.35,16.82,256576582,4620626247.0
601899.SH,20240412,17.28,17.37,16.81,17.19,233781929,4289461428.0
601899.SH,20240415,16.64,17.35,16.62,17.26,238595623,4327726049.0
601899.SH,20240416,17.26,17.42,16.73,16.77,208220527,3791491593.0
601899.SH,20240417,16.75,16.97,16.44,16.9,215427958,3853775926.0
601899.SH,20240418,16.75,17.34,16.7,17.27,200597370,3665579379.0
601899.SH,20240419,17.35,18.07,17.2,17.42,265311852,4990039164.0
601899.SH,20240422,17.64,17.77,16.6,16.64,267730371,4889599625.0
601899.SH,20240423,16.28,16.5,15.9,15.93,320100041,5522404560.0
601899.SH,20240424,15.93,16.45,15.93,16.4,211374281,3671334960.0
601899.SH,20240425,16.2,16.42,15.98,16.27,142950969,2475547327.0
601899.SH,20240426,16.44,17.18,16.28,17.08,266128445,4799432002.0
601899.SH,20240429,16.95,16.95,16.26,16.51,225298735,4005052725.0
601899.SH,20240430,16.76,16.89,16.41,16.47,169466708,3018725384.0
601899.SH,20240506,16.19,16.42,15.73,16.38,260634802,4487638406.0
601899.SH,20240507,16.47,16.74,16.26,16.32,152394077,2684017066.0
601899.SH,20240508,16.18,16.53,15.9,16.32,132403984,2300504674.0
601899.SH,20240509,16.16,16.75,16.16,16.56,146586763,2587027544.0
601899.SH,20240510,16.92,17.09,16.62,17.05,206140807,3722450388.0
601899.SH,20240513,16.83,17.15,16.67,17.0,140858971,2546450263.0
601899.SH,20240514,17.16,17.5,17.06,17.29,147429801,2726855288.0
601899.SH,20240515,17.34,17.62,17.07,17.11,138687553,2566910429.0
601899.SH,20240516,17.42,17.66,17.03,17.08,193911149,3594190888.0
601899.SH,20240517,17.18,17.56,16.83,17.56,183095090,3375111655.0
601899.SH,20240520,18.17,18.5,17.85,18.2,265236190,5155591278.0
601899.SH,20240521,18.15,18.31,17.35,17.44,228374846,4309331269.0
601899.SH,20240522,17.44,17.56,17.14,17.23,142475452,2637331817.0
601899.SH,20240523,16.42,16.84,16.23,16.68,208253603,3694875283.0
601899.SH,20240524,16.46,16.86,16.45,16.66,125712778,2245716303.0
601899.SH,20240527,16.62,17.17,16.61,17.02,146711397,2662784806.0
601899.SH,20240528,17.19,17.28,16.84,16.88,132807255,2420542086.0
601899.SH,20240529,16.9,17.37,16.8,17.25,158414598,2914016096.0
601899.SH,20240530,17.11,17.18,16.41,16.49,209249886,3729795969.0
601899.SH,20240531,16.48,16.57,16.08,16.28,197034747,3434982967.0
601899.SH,20240603,16.17,16.48,16.05,16.2,134833199,2343666557.0
601899.SH,20240604,16.32,16.55,16.06,16.29,152060494,2652422196.0
601899.SH,20240605,15.9,16.08,15.66,15.94,185460719,3155725051.0
601899.SH,20240606,16.22,16.63,16.2,16.45,186439319,3276766583.0
601899.SH,20240607,16.66,16.72,16.19,16.61,173772656,3063217623.0
601899.SH,20240611,16.18,16.28,15.87,16.08,172739432,2932617275.0
601899.SH,20240612,15.97,16.33,15.94,16.27,131900625,2255787020.0
601899.SH,20240613,16.21,16.28,15.61,15.9,174909151,2935447404.0
601899.SH,20240614,15.7,16.24,15.65,16.16,163013937,2764928686.0
601899.SH,20240617,16.07,16.24,15.85,16.11,106381680,1811063472.0
601899.SH,20240618,15.71,16.15,15.49,16.0,239853361,4016852351.0
601899.SH,20240619,16.0,16.55,15.96,16.38,172049521,2971053455.0
601899.SH,20240620,16.46,16.89,16.43,16.61,128820710,2269494994.0
601899.SH,20240621,16.81,16.9,16.3,16.38,145232753,2537688937.0
601899.SH,20240624,16.08,16.62,16.01,16.52,132034135,2291742450.0
601899.SH,20240625,16.5,16.57,16.27,16.41,95570539,1658445654.0
601899.SH,20240626,16.28,16.4,16.05,16.32,107923422,1849478444.0
601899.SH,20240627,16.21,16.24,15.97,15.98,100714132,1710178992.0
601899.SH,20240628,16.06,16.67,15.91,16.62,129524371,2248803981.0
601899.SH,20240701,16.81,17.12,16.78,17.06,149049625,2674413716.0
601899.SH,20240702,17.1,17.1,16.68,16.87,95719894,1705179400.0
601899.SH,20240703,16.87,17.05,16.75,16.92,103934461,1853176366.0
601899.SH,20240704,17.24,17.58,17.18,17.18,176292083,3241891072.0
601899.SH,20240705,17.18,17.65,17.13,17.63,188747609,3484687196.0
601899.SH,20240708,17.67,17.85,17.44,17.45,149197688,2778400677.0
601899.SH,20240709,17.59,17.84,17.54,17.8,164930663,3089185866.0
601899.SH,20240710,17.71,17.95,17.29,17.38,150842964,2806437585.0
601899.SH,20240711,17.49,17.93,17.31,17.84,155807757,2925447887.0
601899.SH,20240712,17.94,17.97,17.36,17.48,139055070,2586146821.0
601899.SH,20240715,17.49,17.92,17.43,17.8,126988958,2392322767.0
601899.SH,20240716,17.76,18.19,17.76,18.17,134595480,2569268514.0
601899.SH,20240717,18.44,18.48,17.37,17.47,217167411,4075167475.0
601899.SH,20240718,17.25,17.49,16.99,17.45,149177702,2719754560.0
601899.SH,20240719,16.83,17.07,16.18,16.97,238617158,4220560796.0
601899.SH,20240722,16.79,16.87,16.27,16.64,192975122,3373542743.0
601899.SH,20240723,16.62,16.76,15.6,15.62,235473241,3978851947.0
601899.SH,20240724,15.56,15.84,15.51,15.63,136809553,2262423375.0
601899.SH,20240725,15.21,15.36,14.54,14.59,288215160,4506442225.0
601899.SH,20240726,14.7,15.22,14.67,14.99,175389610,2781765969.0
601899.SH,20240729,15.13,15.4,14.9,15.23,143993630,2311428227.0
601899.SH,20240730,15.1,15.14,14.88,15.05,125323095,1987811940.0
601899.SH,20240731,15.12,15.75,15.1,15.68,190163776,3120989658.0
601899.SH,20240801,15.96,16.15,15.58,15.73,149688988,2507529786.0
601899.SH,20240802,15.42,15.42,14.85,15.09,214393694,3415283681.0
601899.SH,20240805,14.72,15.16,14.62,14.78,179119079,2821695201.0
601899.SH,20240806,14.85,14.92,14.34,14.52,175303308,2685324518.0
601899.SH,20240807,14.42,14.81,14.37,14.64,116601847,1809204279.0
601899.SH,20240808,14.51,14.52,14.21,14.38,117102412,1775561766.0
601899.SH,20240809,14.64,14.91,14.57,14.6,140162600,2169838975.0
601899.SH,20240812,14.56,14.75,14.51,14.62,63635602,974895621.0
601899.SH,20240813,14.91,14.97,14.56,14.79,141287859,2191712922.0
601899.SH,20240814,14.8,14.87,14.61,14.66,66506834,1028773395.0
601899.SH,20240815,14.55,14.88,14.48,14.83,91464500,1417686970.0
601899.SH,20240816,15.02,15.4,15.02,15.11,150829135,2405009021.0
601899.SH,20240819,15.29,15.7,15.23,15.44,136456088,2220435252.0
601899.SH,20240820,15.54,15.54,15.13,15.28,89052973,1428671394.0
601899.SH,20240821,15.29,15.47,15.16,15.38,82239256,1328595785.0
601899.SH,20240822,15.38,15.42,15.18,15.39,74620792,1201182295.0
601899.SH,20240823,15.2,15.32,15.14,15.29,75078634,1202326602.0
601899.SH,20240826,15.53,15.59,15.18,15.43,146188349,2360957697.0
601899.SH,20240827,15.37,15.47,15.09,15.3,89916727,1444490876.0
601899.SH,20240828,15.33,15.46,14.88,15.06,130275045,2066444455.0
601899.SH,20240829,14.99,15.22,14.86,15.16,80769901,1280880646.0
601899.SH,20240830,15.13,15.39,14.91,15.23,144252253,2299150000.0
601899.SH,20240902,15.1,15.11,14.57,14.86,129969381,2022749647.0
601899.SH,20240903,14.75,14.94,14.63,14.75,68786090,1068102841.0
601899.SH,20240904,14.33,14.37,13.86,13.97,236436306,3496281168.0
601899.SH,20240905,14.04,14.25,13.83,13.97,108842214,1602794385.0
601899.SH,20240906,14.13,14.29,13.99,14.05,98102619,1456232567.0
601899.SH,20240909,13.77,13.77,13.27,13.47,232868695,3290633023.0
601899.SH,20240910,13.58,13.66,13.39,13.54,109501502,1553971993.0
601899.SH,20240911,13.47,13.56,13.29,13.52,140742326,1982554983.0
601899.SH,20240912,13.56,13.7,13.39,13.52,127138913,1809433188.0
601899.SH,20240913,13.89,14.19,13.82,13.97,222888677,3285178181.0
601899.SH,20240918,14.26,14.49,14.14,14.32,168791702,2542627079.0
601899.SH,20240919,14.38,14.72,14.06,14.66,182900219,2781048854.0
601899.SH,20240920,14.75,15.12,14.57,15.12,192733014,3031915812.0
601899.SH,20240923,15.12,15.23,14.93,15.06,136737176,2166292149.0
601899.SH,20240924,15.33,15.84,15.25,15.72,251226583,4106644355.0
601899.SH,20240925,16.11,16.49,16.09,16.11,283724846,4841338020.0
601899.SH,20240926,16.28,16.55,15.9,16.53,224564936,3833086687.0
601899.SH,20240927,16.99,17.18,16.44,16.67,174092796,3061022314.0
601899.SH,20240930,17.02,17.84,16.3,17.27,671972617,11989845281.0
601899.SH,20241008,18.7,18.91,16.67,17.1,706617244,13098607115.0
601899.SH,20241009,16.85,16.92,16.09,16.12,395716432,6837072588.0
601899.SH,20241010,16.18,17.12,16.04,16.52,301784759,5253048164.0
601899.SH,20241011,16.75,16.93,16.26,16.41,204517323,3576578456.0
601899.SH,20241014,16.53,16.92,16.26,16.82,209895342,3685655113.0
601899.SH,20241015,16.66,16.67,16.31,16.31,167326264,2896694036.0
601899.SH,20241016,16.26,16.7,16.2,16.61,139067215,2416131415.0
601899.SH,20241017,16.64,16.76,16.3,16.32,132417366,2300457654.0
601899.SH,20241018,16.52,17.02,16.48,16.78,219917288,3856826864.0
601899.SH,20241021,17.21,17.69,17.04,17.34,271742565,4961500152.0
601899.SH,20241022,17.26,17.42,17.02,17.18,170124384,3067127996.0
601899.SH,20241023,17.23,17.3,16.83,16.99,158883827,2839459534.0
601899.SH,20241024,16.75,16.75,16.49,16.65,153140704,2674306647.0
601899.SH,20241025,16.58,16.6,16.32,16.4,151253747,2610995383.0
601899.SH,20241028,16.37,16.4,16.14,16.37,122817788,2100442302.0
601899.SH,20241029,16.44,16.68,16.35,16.39,157067199,2720298492.0
601899.SH,20241030,16.52,16.71,16.18,16.31,158313500,2724881176.0
601899.SH,20241031,16.24,16.26,15.86,16.01,183766661,3091011649.0
601899.SH,20241101,15.92,16.66,15.84,16.42,251428808,4333954461.0
601899.SH,20241104,16.53,16.58,16.15,16.52,150856016,2591393809.0
601899.SH,20241105,16.43,16.87,16.33,16.85,185523057,3243783398.0
601899.SH,20241106,16.8,16.85,16.33,16.48,193328545,3379872879.0
601899.SH,20241107,15.92,16.28,15.71,16.27,280875443,4722689573.0
601899.SH,20241108,16.52,16.74,16.2,16.27,225997770,3902730429.0
601899.SH,20241111,15.99,16.0,15.31,15.72,342706502,5620690507.0
601899.SH,20241112,15.33,15.66,15.04,15.21,285631363,4602711828.0
601899.SH,20241113,15.16,15.39,15.14,15.23,143993851,2308724718.0
601899.SH,20241114,15.14,15.17,14.83,14.86,194726921,3066365949.0
601899.SH,20241115,14.85,15.33,14.77,14.87,186356748,2954520861.0
601899.SH,20241118,15.0,15.22,14.84,14.95,176079371,2781021688.0
601899.SH,20241119,15.23,15.64,15.23,15.43,260099889,4215053447.0
601899.SH,20241120,15.51,15.52,15.17,15.26,146052592,2347972312.0
601899.SH,20241121,15.27,15.45,15.2,15.38,135377378,2177155617.0
601899.SH,20241122,15.4,15.42,15.0,15.0,125243144,1995032918.0
601899.SH,20241125,15.12,15.27,14.73,14.8,119793219,1883870367.0
601899.SH,20241126,14.66,14.93,14.63,14.79,91452206,1421300260.0
601899.SH,20241127,14.8,14.93,14.59,14.93,110182933,1711331758.0
601899.SH,20241128,14.9,14.96,14.72,14.78,87158737,1357463153.0
601899.SH,20241129,14.85,15.17,14.69,14.95,141260443,2220567458.0
601899.SH,20241202,14.96,15.01,14.75,14.81,168359703,2628279645.0
601899.SH,20241203,14.84,14.88,14.55,14.86,149572070,2315346608.0
601899.SH,20241204,14.93,15.17,14.89,15.04,180836598,2853814255.0
601899.SH,20241205,14.97,14.99,14.68,14.74,141237064,2192389551.0
601899.SH,20241206,14.68,14.98,14.67,14.94,137873276,2155290558.0
601899.SH,20241209,14.98,15.28,14.92,15.12,138620472,2208532969.0
601899.SH,20241210,15.59,15.75,15.23,15.29,191717269,3111739802.0
601899.SH,20241211,15.38,15.59,15.29,15.34,146859489,2374455019.0
601899.SH,20241212,15.34,15.5,15.32,15.46,100504477,1628318303.0
601899.SH,20241213,15.23,15.23,14.82,14.82,199811168,3143512082.0
601899.SH,20241216,14.82,14.89,14.57,14.61,128353468,1977871986.0
601899.SH,20241217,14.61,14.84,14.54,14.71,119682220,1851932604.0
601899.SH,20241218,14.66,14.88,14.66,14.75,75347659,1169485235.0
601899.SH,20241219,14.48,14.67,14.33,14.58,92554681,1414586144.0
601899.SH,20241220,14.55,14.59,14.3,14.3,140062667,2117319776.0
601899.SH,20241223,14.43,14.84,14.36,14.76,188440900,2903979102.0
601899.SH,20241224,14.75,14.91,14.55,14.88,116741937,1811782586.0
601899.SH,20241225,14.88,14.92,14.6,14.77,87854107,1359933126.0
601899.SH,20241226,14.78,14.97,14.72,14.87,87509255,1366286291.0
601899.SH,20241227,14.89,14.94,14.54,14.56,123641600,1903734256.0
601899.SH,20241230,14.53,14.96,14.5,14.79,152484072,2365457326.0
601899.SH,20241231,14.69,14.72,14.39,14.39,142236489,2172211223.0
